{
  "processors": [
    {
      "rules": [
        {
          "output_state": {
            "Name": "minecraft:suspicious_sand"
          },
          "block_entity_modifier": {
            "type": "minecraft:append_loot",
            "loot_table": "idas:archeology/suspicious_sand_desert_pyramid"
          },
          "input_predicate": {
            "block": "minecraft:suspicious_sand",
            "probability": 1,
            "predicate_type": "minecraft:random_block_match"
          },
          "location_predicate": {
            "predicate_type": "minecraft:always_true"
          }
        },
        {
          "output_state": {
            "Name": "minecraft:suspicious_gravel"
          },
          "block_entity_modifier": {
            "type": "minecraft:append_loot",
            "loot_table": "idas:archeology/suspicious_gravel_desert_pyramid"
          },
          "input_predicate": {
            "block": "minecraft:suspicious_gravel",
            "probability": 1,
            "predicate_type": "minecraft:random_block_match"
          },
          "location_predicate": {
            "predicate_type": "minecraft:always_true"
          }
        }
      ],
      "processor_type": "minecraft:rule"
    },
    {
      "processor_type": "idas:waterlogging_fix_processor"
    },
    {
      "processor_type": "integrated_api:spawner_randomizing_processor",
      "integrated_api_spawner_resourcelocation": "idas:desert_pyramid",
      "valid_block_light_level": {
        "min_inclusive": 0,
        "max_inclusive": 7
      },
      "delay": 20,
      "max_nearby_entities": 6,
      "max_spawn_delay": 800,
      "min_spawn_delay": 200,
      "required_player_range": 16,
      "spawn_count": 4,
      "spawn_range": 4
    }
  ]
}