{
  "processors": [
    {
      "rules": [
        {
          "output_state": {
            "Name": "minecraft:suspicious_gravel"
          },
          "block_entity_modifier": {
            "type": "minecraft:append_loot",
            "loot_table": "idas:archeology/suspicious_gravel_train_ruins"
          },
          "input_predicate": {
            "block": "minecraft:gravel",
            "probability": 0.2,
            "predicate_type": "minecraft:random_block_match"
          },
          "location_predicate": {
            "predicate_type": "minecraft:always_true"
          }
        }
      ],
      "processor_type": "minecraft:rule"
    },
    {
      "processor_type": "idas:waterlogging_fix_processor"
    }
  ]
}