{
  "type": "integrated_api:generic_structure",
  "start_pool": "idas:collectors_museum/collectors_museum1",
  "size": 1,
  "rotation_fixed": true,
  "terrain_height_radius_check": 5,
  "allowed_terrain_height_range": 25,
  "valid_biome_radius_check": 2,
  "max_distance_from_center": 128,
  "biomes": "#idas:has_structure/abandonedhouse_biomes",
  "step": "surface_structures",
  "terrain_adaptation": "beard_thin",
  "project_start_to_heightmap": "WORLD_SURFACE_WG",
  "start_height": {
    "absolute": 0
  },
  "spawn_overrides": {}
}