{
  "type": "minecraft:chest",
  "pools": [    
    {
      "rolls": 1,
      "entries": [
        {
          "type": "minecraft:item",
          "weight": 1,
          "name": "ars_nouveau:ritual_burrowing"
        },
        {
          "type": "minecraft:item",
          "weight": 1,
          "name": "ars_nouveau:ritual_challenge"
        },
        {
          "type": "minecraft:item",
          "weight": 1,
          "name": "ars_nouveau:ritual_binding"
        },
        {
          "type": "minecraft:item",
          "weight": 1,
          "name": "ars_nouveau:ritual_awakening"
        },
        {
          "type": "minecraft:item",
          "weight": 1,
          "name": "ars_nouveau:ritual_disintegration"
        },
        {
          "type": "minecraft:item",
          "weight": 1,
          "name": "ars_nouveau:ritual_sunrise"
        },
        {
          "type": "minecraft:item",
          "weight": 1,
          "name": "ars_nouveau:ritual_cloudshaping"
        },
        {
          "type": "minecraft:item",
          "weight": 1,
          "name": "ars_nouveau:ritual_flight"
        },
        {
          "type": "minecraft:item",
          "weight": 1,
          "name": "ars_nouveau:ritual_conjure_island_plains"
        },
        {
          "type": "minecraft:item",
          "weight": 1,
          "name": "ars_nouveau:ritual_restoration"
        },
        {
          "type": "minecraft:item",
          "weight": 1,
          "name": "ars_nouveau:ritual_animal_summon"
        },
        {
          "type": "minecraft:item",
          "weight": 1,
          "name": "ars_nouveau:ritual_forestation"
        },
        {
          "type": "minecraft:item",
          "weight": 1,
          "name": "ars_nouveau:ritual_moonfall"
        },
        {
          "type": "minecraft:item",
          "weight": 1,
          "name": "ars_nouveau:ritual_containment"
        },
        {
          "type": "minecraft:item",
          "weight": 1,
          "name": "ars_nouveau:ritual_scrying"
        },
        {
          "type": "minecraft:item",
          "weight": 1,
          "name": "ars_nouveau:ritual_gravity"
        },
        {
          "type": "minecraft:item",
          "weight": 1,
          "name": "ars_nouveau:ritual_flowering"
        },
        {
          "type": "minecraft:item",
          "weight": 1,
          "name": "ars_nouveau:ritual_sanctuary"
        },
        {
          "type": "minecraft:item",
          "weight": 1,
          "name": "ars_nouveau:ritual_fertility"
        },
        {
          "type": "minecraft:item",
          "weight": 1,
          "name": "ars_nouveau:ritual_overgrowth"
        },
        {
          "type": "minecraft:item",
          "weight": 1,
          "name": "ars_nouveau:ritual_conjure_island_desert"
        },
        {
          "type": "minecraft:item",
          "weight": 1,
          "name": "ars_nouveau:ritual_harvest"
        }
      ]
    },
    {
      "rolls": 1,
      "entries": [
        {
          "type": "minecraft:item",
          "weight": 2,
          "name": "ars_nouveau:apprentice_spell_book"
        },
        {
          "type": "minecraft:item",
          "weight": 1,
          "name": "ars_nouveau:dominion_wand"
        },
        {
          "type": "minecraft:item",
          "weight": 1,
          "name": "ars_nouveau:mundane_belt"
        },
        {
          "type": "minecraft:item",
          "weight": 1,
          "name": "ars_nouveau:spell_bow"
        },
        {
          "type": "minecraft:item",
          "weight": 1,
          "name": "ars_nouveau:sorcerer_boots"
        },
        {
          "type": "minecraft:item",
          "weight": 1,
          "name": "ars_nouveau:sorcerer_leggings"
        },
        {
          "type": "minecraft:item",
          "weight": 1,
          "name": "ars_nouveau:sorcerer_robes"
        },
        {
          "type": "minecraft:item",
          "weight": 1,
          "name": "ars_nouveau:sorcerer_hood"
        },
        {
          "type": "minecraft:item",
          "weight": 1,
          "name": "ars_nouveau:dowsing_rod"
        },
        {
          "type": "minecraft:item",
          "weight": 1,
          "name": "ars_nouveau:shapers_focus"
        },
        {
          "type": "minecraft:item",
          "weight": 1,
          "name": "ars_nouveau:summon_focus"
        }
      ]
    },
    {
      "rolls": 5,
      "entries": [
        {
          "type": "minecraft:item",
          "weight": 3,
          "name": "minecraft:diamond",
          "functions": [
            {
              "function": "minecraft:limit_count",
              "limit": {
                "min": 3,
                "max": 5
              }
            }
          ]
        },
        {
          "type": "minecraft:item",
          "weight": 1,
          "name": "quark:gravisand",
          "functions": [
            {
              "function": "minecraft:limit_count",
              "limit": {
                "min": 3,
                "max": 5
              }
            }
          ]
        },
        {
          "type": "minecraft:item",
          "weight": 3,
          "name": "minecraft:emerald",
          "functions": [
            {
              "function": "minecraft:limit_count",
              "limit": {
                "min": 5,
                "max": 15
              }
            }
          ]
        },
        {
          "type": "minecraft:item",
          "weight": 3,
          "name": "minecraft:amethyst_shard",
          "functions": [
            {
              "function": "minecraft:limit_count",
              "limit": {
                "min": 5,
                "max": 10
              }
            }
          ]
        },
        {
          "type": "minecraft:item",
          "weight": 5,
          "name": "ars_nouveau:source_gem",
          "functions": [
            {
              "function": "minecraft:limit_count",
              "limit": {
                "min": 5,
                "max": 10
              }
            }
          ]
        },
        {
          "type": "minecraft:item",
          "weight": 5,
          "name": "ars_nouveau:source_berry_pie",
          "functions": [
            {
              "function": "minecraft:limit_count",
              "limit": {
                "min": 5,
                "max": 10
              }
            }
          ]
        },
        {
          "type": "minecraft:item",
          "weight": 5,
          "name": "ars_nouveau:source_berry_roll",
          "functions": [
            {
              "function": "minecraft:limit_count",
              "limit": {
                "min": 5,
                "max": 10
              }
            }
          ]
        },
        {
          "type": "minecraft:item",
          "weight": 1,
          "name": "minecraft:golden_apple",
          "functions": [
            {
              "function": "minecraft:limit_count",
              "limit": {
                "min": 2,
                "max": 3
              }
            }
          ]
        },
        {
          "type": "minecraft:item",
          "weight": 2,
          "name": "create:rose_quartz",
          "functions": [
            {
              "function": "minecraft:limit_count",
              "limit": {
                "min": 5,
                "max": 10
              }
            }
          ]
        },
        {
          "type": "minecraft:item",
          "weight": 1,
          "name": "create:powdered_obsidian",
          "functions": [
            {
              "function": "minecraft:limit_count",
              "limit": {
                "min": 3,
                "max": 5
              }
            }
          ]
        }
      ]
    },
    {
      "rolls": 3,
      "entries": [
        {
          "type": "minecraft:item",
          "weight": 1,
          "name": "ars_nouveau:abjuration_essence",
          "functions": [
            {
              "function": "minecraft:limit_count",
              "limit": {
                "min": 1,
                "max": 2
              }
            }
          ]
        },
        {
          "type": "minecraft:item",
          "weight": 1,
          "name": "ars_nouveau:conjuration_essence",
          "functions": [
            {
              "function": "minecraft:limit_count",
              "limit": {
                "min": 1,
                "max": 2
              }
            }
          ]
        },
        {
          "type": "minecraft:item",
          "weight": 1,
          "name": "ars_nouveau:manipulation_essence",
          "functions": [
            {
              "function": "minecraft:limit_count",
              "limit": {
                "min": 1,
                "max": 2
              }
            }
          ]
        },
        {
          "type": "minecraft:item",
          "weight": 1,
          "name": "ars_nouveau:air_essence",
          "functions": [
            {
              "function": "minecraft:limit_count",
              "limit": {
                "min": 1,
                "max": 2
              }
            }
          ]
        },
        {
          "type": "minecraft:item",
          "weight": 1,
          "name": "ars_nouveau:earth_essence",
          "functions": [
            {
              "function": "minecraft:limit_count",
              "limit": {
                "min": 1,
                "max": 2
              }
            }
          ]
        },
        {
          "type": "minecraft:item",
          "weight": 1,
          "name": "ars_nouveau:fire_essence",
          "functions": [
            {
              "function": "minecraft:limit_count",
              "limit": {
                "min": 1,
                "max": 2
              }
            }
          ]
        },
        {
          "type": "minecraft:item",
          "weight": 1,
          "name": "ars_nouveau:water_essence",
          "functions": [
            {
              "function": "minecraft:limit_count",
              "limit": {
                "min": 1,
                "max": 2
              }
            }
          ]
        }
      ]
    }
  ]
}
