{
  "version": 1,
  "valid": true,
  "name": "GigaChad",
  "description": "The Chaddest of them all",
  "author": "Wah0o",
  "emote": {
    "beginTick": 0,
    "endTick": 165,
    "stopTick": 166,
    "isLoop": true,
    "returnTick": 5,
    "nsfw": false,
    "degrees": false,
    "moves": [
      {
        "tick": 4,
        "easing": "INOUTQUAD",
        "head": {
          "x": -0.0
        }
      },
      {
        "tick": 5,
        "easing": "INOUTQUAD",
        "head": {
          "x": -0.0
        }
      },
      {
        "tick": 165,
        "easing": "INOUTQUAD",
        "head": {
          "x": -0.0
        }
      },
      {
        "tick": 4,
        "easing": "INOUTQUAD",
        "head": {
          "y": -0.0
        }
      },
      {
        "tick": 5,
        "easing": "INOUTQUAD",
        "head": {
          "y": -0.0
        }
      },
      {
        "tick": 165,
        "easing": "INOUTQUAD",
        "head": {
          "y": -0.0
        }
      },
      {
        "tick": 4,
        "easing": "INOUTQUAD",
        "head": {
          "z": -0.0
        }
      },
      {
        "tick": 5,
        "easing": "INOUTQUAD",
        "head": {
          "z": -0.0
        }
      },
      {
        "tick": 165,
        "easing": "INOUTQUAD",
        "head": {
          "z": -0.0
        }
      },
      {
        "tick": 4,
        "easing": "INOUTQUAD",
        "head": {
          "pitch": -0.0
        }
      },
      {
        "tick": 5,
        "easing": "INOUTQUAD",
        "head": {
          "pitch": 0.0
        }
      },
      {
        "tick": 14,
        "easing": "INOUTQUAD",
        "head": {
          "pitch": 0.0
        }
      },
      {
        "tick": 15,
        "easing": "INOUTQUAD",
        "head": {
          "pitch": -0.13989598
        }
      },
      {
        "tick": 24,
        "easing": "INOUTQUAD",
        "head": {
          "pitch": -0.13989598
        }
      },
      {
        "tick": 25,
        "easing": "INOUTQUAD",
        "head": {
          "pitch": 0.032506067
        }
      },
      {
        "tick": 34,
        "easing": "INOUTQUAD",
        "head": {
          "pitch": 0.032506067
        }
      },
      {
        "tick": 35,
        "easing": "INOUTQUAD",
        "head": {
          "pitch": -0.0
        }
      },
      {
        "tick": 44,
        "easing": "INOUTQUAD",
        "head": {
          "pitch": -0.0
        }
      },
      {
        "tick": 45,
        "easing": "INOUTQUAD",
        "head": {
          "pitch": 0.04490119
        }
      },
      {
        "tick": 54,
        "easing": "INOUTQUAD",
        "head": {
          "pitch": 0.04490119
        }
      },
      {
        "tick": 55,
        "easing": "INOUTQUAD",
        "head": {
          "pitch": -0.0
        }
      },
      {
        "tick": 64,
        "easing": "INOUTQUAD",
        "head": {
          "pitch": -0.0
        }
      },
      {
        "tick": 65,
        "easing": "INOUTQUAD",
        "head": {
          "pitch": 0.13459775
        }
      },
      {
        "tick": 74,
        "easing": "INOUTQUAD",
        "head": {
          "pitch": 0.13459775
        }
      },
      {
        "tick": 75,
        "easing": "INOUTQUAD",
        "head": {
          "pitch": -1.5314963
        }
      },
      {
        "tick": 84,
        "easing": "INOUTQUAD",
        "head": {
          "pitch": -1.5314963
        }
      },
      {
        "tick": 85,
        "easing": "INOUTQUAD",
        "head": {
          "pitch": -1.1120538
        }
      },
      {
        "tick": 94,
        "easing": "INOUTQUAD",
        "head": {
          "pitch": -1.1120538
        }
      },
      {
        "tick": 95,
        "easing": "INOUTQUAD",
        "head": {
          "pitch": -0.14775816
        }
      },
      {
        "tick": 104,
        "easing": "INOUTQUAD",
        "head": {
          "pitch": -0.14775816
        }
      },
      {
        "tick": 105,
        "easing": "INOUTQUAD",
        "head": {
          "pitch": 0.037381746
        }
      },
      {
        "tick": 114,
        "easing": "INOUTQUAD",
        "head": {
          "pitch": 0.037381746
        }
      },
      {
        "tick": 115,
        "easing": "INOUTQUAD",
        "head": {
          "pitch": -0.037799735
        }
      },
      {
        "tick": 124,
        "easing": "INOUTQUAD",
        "head": {
          "pitch": -0.037799735
        }
      },
      {
        "tick": 125,
        "easing": "INOUTQUAD",
        "head": {
          "pitch": 0.060097966
        }
      },
      {
        "tick": 134,
        "easing": "INOUTQUAD",
        "head": {
          "pitch": 0.060097966
        }
      },
      {
        "tick": 135,
        "easing": "INOUTQUAD",
        "head": {
          "pitch": -1.286084
        }
      },
      {
        "tick": 144,
        "easing": "INOUTQUAD",
        "head": {
          "pitch": -1.286084
        }
      },
      {
        "tick": 145,
        "easing": "INOUTQUAD",
        "head": {
          "pitch": -0.0
        }
      },
      {
        "tick": 165,
        "easing": "INOUTQUAD",
        "head": {
          "pitch": 0.0
        }
      },
      {
        "tick": 4,
        "easing": "INOUTQUAD",
        "head": {
          "yaw": -0.0
        }
      },
      {
        "tick": 5,
        "easing": "INOUTQUAD",
        "head": {
          "yaw": -0.4168441
        }
      },
      {
        "tick": 14,
        "easing": "INOUTQUAD",
        "head": {
          "yaw": -0.4168441
        }
      },
      {
        "tick": 15,
        "easing": "INOUTQUAD",
        "head": {
          "yaw": -1.00269
        }
      },
      {
        "tick": 24,
        "easing": "INOUTQUAD",
        "head": {
          "yaw": -1.00269
        }
      },
      {
        "tick": 25,
        "easing": "INOUTQUAD",
        "head": {
          "yaw": -0.11216698
        }
      },
      {
        "tick": 34,
        "easing": "INOUTQUAD",
        "head": {
          "yaw": -0.11216698
        }
      },
      {
        "tick": 35,
        "easing": "INOUTQUAD",
        "head": {
          "yaw": 0.24195862
        }
      },
      {
        "tick": 44,
        "easing": "INOUTQUAD",
        "head": {
          "yaw": 0.24195862
        }
      },
      {
        "tick": 45,
        "easing": "INOUTQUAD",
        "head": {
          "yaw": 0.002758297
        }
      },
      {
        "tick": 54,
        "easing": "INOUTQUAD",
        "head": {
          "yaw": 0.002758297
        }
      },
      {
        "tick": 55,
        "easing": "INOUTQUAD",
        "head": {
          "yaw": -0.0
        }
      },
      {
        "tick": 64,
        "easing": "INOUTQUAD",
        "head": {
          "yaw": -0.0
        }
      },
      {
        "tick": 65,
        "easing": "INOUTQUAD",
        "head": {
          "yaw": 0.0013488329
        }
      },
      {
        "tick": 74,
        "easing": "INOUTQUAD",
        "head": {
          "yaw": 0.0013488329
        }
      },
      {
        "tick": 75,
        "easing": "INOUTQUAD",
        "head": {
          "yaw": -0.0029103598
        }
      },
      {
        "tick": 84,
        "easing": "INOUTQUAD",
        "head": {
          "yaw": -0.0029103598
        }
      },
      {
        "tick": 85,
        "easing": "INOUTQUAD",
        "head": {
          "yaw": -1.4095863
        }
      },
      {
        "tick": 94,
        "easing": "INOUTQUAD",
        "head": {
          "yaw": -1.4095863
        }
      },
      {
        "tick": 95,
        "easing": "INOUTQUAD",
        "head": {
          "yaw": 1.0407902E-4
        }
      },
      {
        "tick": 104,
        "easing": "INOUTQUAD",
        "head": {
          "yaw": 1.0407902E-4
        }
      },
      {
        "tick": 105,
        "easing": "INOUTQUAD",
        "head": {
          "yaw": -0.0
        }
      },
      {
        "tick": 114,
        "easing": "INOUTQUAD",
        "head": {
          "yaw": -0.0
        }
      },
      {
        "tick": 115,
        "easing": "INOUTQUAD",
        "head": {
          "yaw": -0.15502043
        }
      },
      {
        "tick": 124,
        "easing": "INOUTQUAD",
        "head": {
          "yaw": -0.15502043
        }
      },
      {
        "tick": 125,
        "easing": "INOUTQUAD",
        "head": {
          "yaw": 0.20529102
        }
      },
      {
        "tick": 134,
        "easing": "INOUTQUAD",
        "head": {
          "yaw": 0.20529102
        }
      },
      {
        "tick": 135,
        "easing": "INOUTQUAD",
        "head": {
          "yaw": -0.013530715
        }
      },
      {
        "tick": 144,
        "easing": "INOUTQUAD",
        "head": {
          "yaw": -0.013530715
        }
      },
      {
        "tick": 145,
        "easing": "INOUTQUAD",
        "head": {
          "yaw": -0.0
        }
      },
      {
        "tick": 164,
        "easing": "INOUTQUAD",
        "head": {
          "yaw": -0.0
        }
      },
      {
        "tick": 165,
        "easing": "INOUTQUAD",
        "head": {
          "yaw": -0.4168441
        }
      },
      {
        "tick": 4,
        "easing": "INOUTQUAD",
        "head": {
          "roll": -0.0
        }
      },
      {
        "tick": 5,
        "easing": "INOUTQUAD",
        "head": {
          "roll": 0.0
        }
      },
      {
        "tick": 14,
        "easing": "INOUTQUAD",
        "head": {
          "roll": 0.0
        }
      },
      {
        "tick": 15,
        "easing": "INOUTQUAD",
        "head": {
          "roll": 0.21926047
        }
      },
      {
        "tick": 24,
        "easing": "INOUTQUAD",
        "head": {
          "roll": 0.21926047
        }
      },
      {
        "tick": 25,
        "easing": "INOUTQUAD",
        "head": {
          "roll": -0.025936412
        }
      },
      {
        "tick": 34,
        "easing": "INOUTQUAD",
        "head": {
          "roll": -0.025936412
        }
      },
      {
        "tick": 35,
        "easing": "INOUTQUAD",
        "head": {
          "roll": -0.0
        }
      },
      {
        "tick": 44,
        "easing": "INOUTQUAD",
        "head": {
          "roll": -0.0
        }
      },
      {
        "tick": 45,
        "easing": "INOUTQUAD",
        "head": {
          "roll": 0.015539514
        }
      },
      {
        "tick": 54,
        "easing": "INOUTQUAD",
        "head": {
          "roll": 0.015539514
        }
      },
      {
        "tick": 55,
        "easing": "INOUTQUAD",
        "head": {
          "roll": 0.054117903
        }
      },
      {
        "tick": 64,
        "easing": "INOUTQUAD",
        "head": {
          "roll": 0.054117903
        }
      },
      {
        "tick": 65,
        "easing": "INOUTQUAD",
        "head": {
          "roll": 9.091206E-5
        }
      },
      {
        "tick": 74,
        "easing": "INOUTQUAD",
        "head": {
          "roll": 9.091206E-5
        }
      },
      {
        "tick": 75,
        "easing": "INOUTQUAD",
        "head": {
          "roll": 0.0027981726
        }
      },
      {
        "tick": 84,
        "easing": "INOUTQUAD",
        "head": {
          "roll": 0.0027981726
        }
      },
      {
        "tick": 85,
        "easing": "INOUTQUAD",
        "head": {
          "roll": 0.78003484
        }
      },
      {
        "tick": 94,
        "easing": "INOUTQUAD",
        "head": {
          "roll": 0.78003484
        }
      },
      {
        "tick": 95,
        "easing": "INOUTQUAD",
        "head": {
          "roll": 0.0014062009
        }
      },
      {
        "tick": 104,
        "easing": "INOUTQUAD",
        "head": {
          "roll": 0.0014062009
        }
      },
      {
        "tick": 105,
        "easing": "INOUTQUAD",
        "head": {
          "roll": -0.0
        }
      },
      {
        "tick": 114,
        "easing": "INOUTQUAD",
        "head": {
          "roll": -0.0
        }
      },
      {
        "tick": 115,
        "easing": "INOUTQUAD",
        "head": {
          "roll": 0.0016081737
        }
      },
      {
        "tick": 124,
        "easing": "INOUTQUAD",
        "head": {
          "roll": 0.0016081737
        }
      },
      {
        "tick": 125,
        "easing": "INOUTQUAD",
        "head": {
          "roll": 0.017228942
        }
      },
      {
        "tick": 134,
        "easing": "INOUTQUAD",
        "head": {
          "roll": 0.017228942
        }
      },
      {
        "tick": 135,
        "easing": "INOUTQUAD",
        "head": {
          "roll": -0.018058004
        }
      },
      {
        "tick": 144,
        "easing": "INOUTQUAD",
        "head": {
          "roll": -0.018058004
        }
      },
      {
        "tick": 145,
        "easing": "INOUTQUAD",
        "head": {
          "roll": -0.0
        }
      },
      {
        "tick": 165,
        "easing": "INOUTQUAD",
        "head": {
          "roll": 0.0
        }
      },
      {
        "tick": 4,
        "easing": "INOUTQUAD",
        "rightLeg": {
          "x": -1.9
        }
      },
      {
        "tick": 5,
        "easing": "INOUTQUAD",
        "rightLeg": {
          "x": -2.252326
        }
      },
      {
        "tick": 14,
        "easing": "INOUTQUAD",
        "rightLeg": {
          "x": -2.252326
        }
      },
      {
        "tick": 15,
        "easing": "INOUTQUAD",
        "rightLeg": {
          "x": -2.9982228
        }
      },
      {
        "tick": 24,
        "easing": "INOUTQUAD",
        "rightLeg": {
          "x": -2.9982228
        }
      },
      {
        "tick": 25,
        "easing": "INOUTQUAD",
        "rightLeg": {
          "x": -2.5480254
        }
      },
      {
        "tick": 34,
        "easing": "INOUTQUAD",
        "rightLeg": {
          "x": -2.5480254
        }
      },
      {
        "tick": 35,
        "easing": "INOUTQUAD",
        "rightLeg": {
          "x": -1.9
        }
      },
      {
        "tick": 144,
        "easing": "INOUTQUAD",
        "rightLeg": {
          "x": -1.9
        }
      },
      {
        "tick": 145,
        "easing": "INOUTQUAD",
        "rightLeg": {
          "x": -1.7722428
        }
      },
      {
        "tick": 154,
        "easing": "INOUTQUAD",
        "rightLeg": {
          "x": -1.7722428
        }
      },
      {
        "tick": 155,
        "easing": "INOUTQUAD",
        "rightLeg": {
          "x": -3.169594
        }
      },
      {
        "tick": 164,
        "easing": "INOUTQUAD",
        "rightLeg": {
          "x": -3.169594
        }
      },
      {
        "tick": 165,
        "easing": "INOUTQUAD",
        "rightLeg": {
          "x": -2.252326
        }
      },
      {
        "tick": 4,
        "easing": "INOUTQUAD",
        "rightLeg": {
          "y": 12.0
        }
      },
      {
        "tick": 5,
        "easing": "INOUTQUAD",
        "rightLeg": {
          "y": 10.195459
        }
      },
      {
        "tick": 14,
        "easing": "INOUTQUAD",
        "rightLeg": {
          "y": 10.195459
        }
      },
      {
        "tick": 15,
        "easing": "INOUTQUAD",
        "rightLeg": {
          "y": 10.277176
        }
      },
      {
        "tick": 24,
        "easing": "INOUTQUAD",
        "rightLeg": {
          "y": 10.277176
        }
      },
      {
        "tick": 25,
        "easing": "INOUTQUAD",
        "rightLeg": {
          "y": 10.025742
        }
      },
      {
        "tick": 34,
        "easing": "INOUTQUAD",
        "rightLeg": {
          "y": 10.025742
        }
      },
      {
        "tick": 35,
        "easing": "INOUTQUAD",
        "rightLeg": {
          "y": 12.0
        }
      },
      {
        "tick": 144,
        "easing": "INOUTQUAD",
        "rightLeg": {
          "y": 12.0
        }
      },
      {
        "tick": 145,
        "easing": "INOUTQUAD",
        "rightLeg": {
          "y": 11.914537
        }
      },
      {
        "tick": 154,
        "easing": "INOUTQUAD",
        "rightLeg": {
          "y": 11.914537
        }
      },
      {
        "tick": 155,
        "easing": "INOUTQUAD",
        "rightLeg": {
          "y": 12.0
        }
      },
      {
        "tick": 164,
        "easing": "INOUTQUAD",
        "rightLeg": {
          "y": 12.0
        }
      },
      {
        "tick": 165,
        "easing": "INOUTQUAD",
        "rightLeg": {
          "y": 10.195459
        }
      },
      {
        "tick": 4,
        "easing": "INOUTQUAD",
        "rightLeg": {
          "z": 0.1
        }
      },
      {
        "tick": 5,
        "easing": "INOUTQUAD",
        "rightLeg": {
          "z": -2.9733403
        }
      },
      {
        "tick": 14,
        "easing": "INOUTQUAD",
        "rightLeg": {
          "z": -2.9733403
        }
      },
      {
        "tick": 15,
        "easing": "INOUTQUAD",
        "rightLeg": {
          "z": -3.4964054
        }
      },
      {
        "tick": 34,
        "easing": "INOUTQUAD",
        "rightLeg": {
          "z": -3.4964054
        }
      },
      {
        "tick": 35,
        "easing": "INOUTQUAD",
        "rightLeg": {
          "z": 0.1
        }
      },
      {
        "tick": 154,
        "easing": "INOUTQUAD",
        "rightLeg": {
          "z": 0.1
        }
      },
      {
        "tick": 155,
        "easing": "INOUTQUAD",
        "rightLeg": {
          "z": -1.5458566
        }
      },
      {
        "tick": 164,
        "easing": "INOUTQUAD",
        "rightLeg": {
          "z": -1.5458566
        }
      },
      {
        "tick": 165,
        "easing": "INOUTQUAD",
        "rightLeg": {
          "z": -2.9733403
        }
      },
      {
        "tick": 4,
        "easing": "INOUTQUAD",
        "rightLeg": {
          "pitch": -0.0
        }
      },
      {
        "tick": 5,
        "easing": "INOUTQUAD",
        "rightLeg": {
          "pitch": -0.33713692
        }
      },
      {
        "tick": 14,
        "easing": "INOUTQUAD",
        "rightLeg": {
          "pitch": -0.33713692
        }
      },
      {
        "tick": 15,
        "easing": "INOUTQUAD",
        "rightLeg": {
          "pitch": -0.3196764
        }
      },
      {
        "tick": 34,
        "easing": "INOUTQUAD",
        "rightLeg": {
          "pitch": -0.3196764
        }
      },
      {
        "tick": 35,
        "easing": "INOUTQUAD",
        "rightLeg": {
          "pitch": -0.0
        }
      },
      {
        "tick": 44,
        "easing": "INOUTQUAD",
        "rightLeg": {
          "pitch": -0.0
        }
      },
      {
        "tick": 45,
        "easing": "INOUTQUAD",
        "rightLeg": {
          "pitch": -0.027517445
        }
      },
      {
        "tick": 54,
        "easing": "INOUTQUAD",
        "rightLeg": {
          "pitch": -0.027517445
        }
      },
      {
        "tick": 55,
        "easing": "INOUTQUAD",
        "rightLeg": {
          "pitch": 0.047809538
        }
      },
      {
        "tick": 64,
        "easing": "INOUTQUAD",
        "rightLeg": {
          "pitch": 0.047809538
        }
      },
      {
        "tick": 65,
        "easing": "INOUTQUAD",
        "rightLeg": {
          "pitch": -0.0026976853
        }
      },
      {
        "tick": 74,
        "easing": "INOUTQUAD",
        "rightLeg": {
          "pitch": -0.0026976853
        }
      },
      {
        "tick": 75,
        "easing": "INOUTQUAD",
        "rightLeg": {
          "pitch": 0.03274877
        }
      },
      {
        "tick": 84,
        "easing": "INOUTQUAD",
        "rightLeg": {
          "pitch": 0.03274877
        }
      },
      {
        "tick": 85,
        "easing": "INOUTQUAD",
        "rightLeg": {
          "pitch": -0.007906961
        }
      },
      {
        "tick": 94,
        "easing": "INOUTQUAD",
        "rightLeg": {
          "pitch": -0.007906961
        }
      },
      {
        "tick": 95,
        "easing": "INOUTQUAD",
        "rightLeg": {
          "pitch": -0.07262061
        }
      },
      {
        "tick": 104,
        "easing": "INOUTQUAD",
        "rightLeg": {
          "pitch": -0.07262061
        }
      },
      {
        "tick": 105,
        "easing": "INOUTQUAD",
        "rightLeg": {
          "pitch": 5.0244353E-10
        }
      },
      {
        "tick": 114,
        "easing": "INOUTQUAD",
        "rightLeg": {
          "pitch": 5.0244353E-10
        }
      },
      {
        "tick": 115,
        "easing": "INOUTQUAD",
        "rightLeg": {
          "pitch": -0.0
        }
      },
      {
        "tick": 124,
        "easing": "INOUTQUAD",
        "rightLeg": {
          "pitch": 0.0
        }
      },
      {
        "tick": 125,
        "easing": "INOUTQUAD",
        "rightLeg": {
          "pitch": 0.22003074
        }
      },
      {
        "tick": 134,
        "easing": "INOUTQUAD",
        "rightLeg": {
          "pitch": 0.22003074
        }
      },
      {
        "tick": 135,
        "easing": "INOUTQUAD",
        "rightLeg": {
          "pitch": -1.5668823
        }
      },
      {
        "tick": 144,
        "easing": "INOUTQUAD",
        "rightLeg": {
          "pitch": -1.5668823
        }
      },
      {
        "tick": 145,
        "easing": "INOUTQUAD",
        "rightLeg": {
          "pitch": 0.9465621
        }
      },
      {
        "tick": 154,
        "easing": "INOUTQUAD",
        "rightLeg": {
          "pitch": 0.9465621
        }
      },
      {
        "tick": 155,
        "easing": "INOUTQUAD",
        "rightLeg": {
          "pitch": -0.0
        }
      },
      {
        "tick": 164,
        "easing": "INOUTQUAD",
        "rightLeg": {
          "pitch": -0.0
        }
      },
      {
        "tick": 165,
        "easing": "INOUTQUAD",
        "rightLeg": {
          "pitch": -0.33713692
        }
      },
      {
        "tick": 4,
        "easing": "INOUTQUAD",
        "rightLeg": {
          "yaw": -0.0
        }
      },
      {
        "tick": 5,
        "easing": "INOUTQUAD",
        "rightLeg": {
          "yaw": 0.37796307
        }
      },
      {
        "tick": 14,
        "easing": "INOUTQUAD",
        "rightLeg": {
          "yaw": 0.37796307
        }
      },
      {
        "tick": 15,
        "easing": "INOUTQUAD",
        "rightLeg": {
          "yaw": 0.76882756
        }
      },
      {
        "tick": 34,
        "easing": "INOUTQUAD",
        "rightLeg": {
          "yaw": 0.76882756
        }
      },
      {
        "tick": 35,
        "easing": "INOUTQUAD",
        "rightLeg": {
          "yaw": 0.27188113
        }
      },
      {
        "tick": 44,
        "easing": "INOUTQUAD",
        "rightLeg": {
          "yaw": 0.27188113
        }
      },
      {
        "tick": 45,
        "easing": "INOUTQUAD",
        "rightLeg": {
          "yaw": 0.26609528
        }
      },
      {
        "tick": 54,
        "easing": "INOUTQUAD",
        "rightLeg": {
          "yaw": 0.26609528
        }
      },
      {
        "tick": 55,
        "easing": "INOUTQUAD",
        "rightLeg": {
          "yaw": 0.2948
        }
      },
      {
        "tick": 64,
        "easing": "INOUTQUAD",
        "rightLeg": {
          "yaw": 0.2948
        }
      },
      {
        "tick": 65,
        "easing": "INOUTQUAD",
        "rightLeg": {
          "yaw": 0.26220575
        }
      },
      {
        "tick": 74,
        "easing": "INOUTQUAD",
        "rightLeg": {
          "yaw": 0.26220575
        }
      },
      {
        "tick": 75,
        "easing": "INOUTQUAD",
        "rightLeg": {
          "yaw": 0.039796446
        }
      },
      {
        "tick": 84,
        "easing": "INOUTQUAD",
        "rightLeg": {
          "yaw": 0.039796446
        }
      },
      {
        "tick": 85,
        "easing": "INOUTQUAD",
        "rightLeg": {
          "yaw": 0.39853075
        }
      },
      {
        "tick": 94,
        "easing": "INOUTQUAD",
        "rightLeg": {
          "yaw": 0.39853075
        }
      },
      {
        "tick": 95,
        "easing": "INOUTQUAD",
        "rightLeg": {
          "yaw": 2.5175512E-5
        }
      },
      {
        "tick": 104,
        "easing": "INOUTQUAD",
        "rightLeg": {
          "yaw": 2.5175512E-5
        }
      },
      {
        "tick": 105,
        "easing": "INOUTQUAD",
        "rightLeg": {
          "yaw": 0.38755667
        }
      },
      {
        "tick": 114,
        "easing": "INOUTQUAD",
        "rightLeg": {
          "yaw": 0.38755667
        }
      },
      {
        "tick": 115,
        "easing": "INOUTQUAD",
        "rightLeg": {
          "yaw": 0.10965421
        }
      },
      {
        "tick": 124,
        "easing": "INOUTQUAD",
        "rightLeg": {
          "yaw": 0.10965421
        }
      },
      {
        "tick": 125,
        "easing": "INOUTQUAD",
        "rightLeg": {
          "yaw": 0.660008
        }
      },
      {
        "tick": 134,
        "easing": "INOUTQUAD",
        "rightLeg": {
          "yaw": 0.660008
        }
      },
      {
        "tick": 135,
        "easing": "INOUTQUAD",
        "rightLeg": {
          "yaw": -0.018245801
        }
      },
      {
        "tick": 144,
        "easing": "INOUTQUAD",
        "rightLeg": {
          "yaw": -0.018245801
        }
      },
      {
        "tick": 145,
        "easing": "INOUTQUAD",
        "rightLeg": {
          "yaw": 1.5213028
        }
      },
      {
        "tick": 154,
        "easing": "INOUTQUAD",
        "rightLeg": {
          "yaw": 1.5213028
        }
      },
      {
        "tick": 155,
        "easing": "INOUTQUAD",
        "rightLeg": {
          "yaw": 0.6063431
        }
      },
      {
        "tick": 164,
        "easing": "INOUTQUAD",
        "rightLeg": {
          "yaw": 0.6063431
        }
      },
      {
        "tick": 165,
        "easing": "INOUTQUAD",
        "rightLeg": {
          "yaw": 0.37796307
        }
      },
      {
        "tick": 4,
        "easing": "INOUTQUAD",
        "rightLeg": {
          "roll": -0.0
        }
      },
      {
        "tick": 5,
        "easing": "INOUTQUAD",
        "rightLeg": {
          "roll": -0.025020538
        }
      },
      {
        "tick": 14,
        "easing": "INOUTQUAD",
        "rightLeg": {
          "roll": -0.025020538
        }
      },
      {
        "tick": 15,
        "easing": "INOUTQUAD",
        "rightLeg": {
          "roll": 0.048341107
        }
      },
      {
        "tick": 34,
        "easing": "INOUTQUAD",
        "rightLeg": {
          "roll": 0.048341107
        }
      },
      {
        "tick": 35,
        "easing": "INOUTQUAD",
        "rightLeg": {
          "roll": 0.069259174
        }
      },
      {
        "tick": 44,
        "easing": "INOUTQUAD",
        "rightLeg": {
          "roll": 0.069259174
        }
      },
      {
        "tick": 45,
        "easing": "INOUTQUAD",
        "rightLeg": {
          "roll": 0.1402302
        }
      },
      {
        "tick": 54,
        "easing": "INOUTQUAD",
        "rightLeg": {
          "roll": 0.1402302
        }
      },
      {
        "tick": 55,
        "easing": "INOUTQUAD",
        "rightLeg": {
          "roll": 0.20118771
        }
      },
      {
        "tick": 64,
        "easing": "INOUTQUAD",
        "rightLeg": {
          "roll": 0.20118771
        }
      },
      {
        "tick": 65,
        "easing": "INOUTQUAD",
        "rightLeg": {
          "roll": 0.095185064
        }
      },
      {
        "tick": 74,
        "easing": "INOUTQUAD",
        "rightLeg": {
          "roll": 0.095185064
        }
      },
      {
        "tick": 75,
        "easing": "INOUTQUAD",
        "rightLeg": {
          "roll": -7.341183E-7
        }
      },
      {
        "tick": 84,
        "easing": "INOUTQUAD",
        "rightLeg": {
          "roll": -7.341183E-7
        }
      },
      {
        "tick": 85,
        "easing": "INOUTQUAD",
        "rightLeg": {
          "roll": 0.21809976
        }
      },
      {
        "tick": 94,
        "easing": "INOUTQUAD",
        "rightLeg": {
          "roll": 0.21809976
        }
      },
      {
        "tick": 95,
        "easing": "INOUTQUAD",
        "rightLeg": {
          "roll": 6.93035E-4
        }
      },
      {
        "tick": 104,
        "easing": "INOUTQUAD",
        "rightLeg": {
          "roll": 6.93035E-4
        }
      },
      {
        "tick": 105,
        "easing": "INOUTQUAD",
        "rightLeg": {
          "roll": 0.061397005
        }
      },
      {
        "tick": 114,
        "easing": "INOUTQUAD",
        "rightLeg": {
          "roll": 0.061397005
        }
      },
      {
        "tick": 115,
        "easing": "INOUTQUAD",
        "rightLeg": {
          "roll": -0.0
        }
      },
      {
        "tick": 124,
        "easing": "INOUTQUAD",
        "rightLeg": {
          "roll": 0.0
        }
      },
      {
        "tick": 125,
        "easing": "INOUTQUAD",
        "rightLeg": {
          "roll": 0.22244482
        }
      },
      {
        "tick": 134,
        "easing": "INOUTQUAD",
        "rightLeg": {
          "roll": 0.22244482
        }
      },
      {
        "tick": 135,
        "easing": "INOUTQUAD",
        "rightLeg": {
          "roll": 0.08971669
        }
      },
      {
        "tick": 144,
        "easing": "INOUTQUAD",
        "rightLeg": {
          "roll": 0.08971669
        }
      },
      {
        "tick": 145,
        "easing": "INOUTQUAD",
        "rightLeg": {
          "roll": 2.2946439
        }
      },
      {
        "tick": 154,
        "easing": "INOUTQUAD",
        "rightLeg": {
          "roll": 2.2946439
        }
      },
      {
        "tick": 155,
        "easing": "INOUTQUAD",
        "rightLeg": {
          "roll": -0.0
        }
      },
      {
        "tick": 164,
        "easing": "INOUTQUAD",
        "rightLeg": {
          "roll": -0.0
        }
      },
      {
        "tick": 165,
        "easing": "INOUTQUAD",
        "rightLeg": {
          "roll": -0.025020538
        }
      },
      {
        "tick": 4,
        "easing": "INOUTQUAD",
        "rightArm": {
          "x": -5.0
        }
      },
      {
        "tick": 5,
        "easing": "INOUTQUAD",
        "rightArm": {
          "x": -5.9686313
        }
      },
      {
        "tick": 14,
        "easing": "INOUTQUAD",
        "rightArm": {
          "x": -5.9686313
        }
      },
      {
        "tick": 15,
        "easing": "INOUTQUAD",
        "rightArm": {
          "x": -5.0
        }
      },
      {
        "tick": 154,
        "easing": "INOUTQUAD",
        "rightArm": {
          "x": -5.0
        }
      },
      {
        "tick": 155,
        "easing": "INOUTQUAD",
        "rightArm": {
          "x": -6.0498323
        }
      },
      {
        "tick": 164,
        "easing": "INOUTQUAD",
        "rightArm": {
          "x": -6.0498323
        }
      },
      {
        "tick": 165,
        "easing": "INOUTQUAD",
        "rightArm": {
          "x": -5.9686313
        }
      },
      {
        "tick": 4,
        "easing": "INOUTQUAD",
        "rightArm": {
          "y": 2.0
        }
      },
      {
        "tick": 5,
        "easing": "INOUTQUAD",
        "rightArm": {
          "y": 2.0
        }
      },
      {
        "tick": 154,
        "easing": "INOUTQUAD",
        "rightArm": {
          "y": 2.0
        }
      },
      {
        "tick": 155,
        "easing": "INOUTQUAD",
        "rightArm": {
          "y": 3.9937258
        }
      },
      {
        "tick": 164,
        "easing": "INOUTQUAD",
        "rightArm": {
          "y": 3.9937258
        }
      },
      {
        "tick": 165,
        "easing": "INOUTQUAD",
        "rightArm": {
          "y": 2.0
        }
      },
      {
        "tick": 4,
        "easing": "INOUTQUAD",
        "rightArm": {
          "z": -0.0
        }
      },
      {
        "tick": 5,
        "easing": "INOUTQUAD",
        "rightArm": {
          "z": -1.961665
        }
      },
      {
        "tick": 14,
        "easing": "INOUTQUAD",
        "rightArm": {
          "z": -1.961665
        }
      },
      {
        "tick": 15,
        "easing": "INOUTQUAD",
        "rightArm": {
          "z": -0.0
        }
      },
      {
        "tick": 154,
        "easing": "INOUTQUAD",
        "rightArm": {
          "z": -0.0
        }
      },
      {
        "tick": 155,
        "easing": "INOUTQUAD",
        "rightArm": {
          "z": -1.9947729E-8
        }
      },
      {
        "tick": 164,
        "easing": "INOUTQUAD",
        "rightArm": {
          "z": -1.9947729E-8
        }
      },
      {
        "tick": 165,
        "easing": "INOUTQUAD",
        "rightArm": {
          "z": -1.961665
        }
      },
      {
        "tick": 4,
        "easing": "INOUTQUAD",
        "rightArm": {
          "pitch": -0.0
        }
      },
      {
        "tick": 5,
        "easing": "INOUTQUAD",
        "rightArm": {
          "pitch": 0.0
        }
      },
      {
        "tick": 14,
        "easing": "INOUTQUAD",
        "rightArm": {
          "pitch": 0.0
        }
      },
      {
        "tick": 15,
        "easing": "INOUTQUAD",
        "rightArm": {
          "pitch": -0.87733024
        }
      },
      {
        "tick": 24,
        "easing": "INOUTQUAD",
        "rightArm": {
          "pitch": -0.87733024
        }
      },
      {
        "tick": 25,
        "easing": "INOUTQUAD",
        "rightArm": {
          "pitch": -0.8773303
        }
      },
      {
        "tick": 34,
        "easing": "INOUTQUAD",
        "rightArm": {
          "pitch": -0.8773303
        }
      },
      {
        "tick": 35,
        "easing": "INOUTQUAD",
        "rightArm": {
          "pitch": -0.0
        }
      },
      {
        "tick": 44,
        "easing": "INOUTQUAD",
        "rightArm": {
          "pitch": -0.0
        }
      },
      {
        "tick": 45,
        "easing": "INOUTQUAD",
        "rightArm": {
          "pitch": -0.037967823
        }
      },
      {
        "tick": 54,
        "easing": "INOUTQUAD",
        "rightArm": {
          "pitch": -0.037967823
        }
      },
      {
        "tick": 55,
        "easing": "INOUTQUAD",
        "rightArm": {
          "pitch": 0.67362005
        }
      },
      {
        "tick": 64,
        "easing": "INOUTQUAD",
        "rightArm": {
          "pitch": 0.67362005
        }
      },
      {
        "tick": 65,
        "easing": "INOUTQUAD",
        "rightArm": {
          "pitch": -0.67564476
        }
      },
      {
        "tick": 74,
        "easing": "INOUTQUAD",
        "rightArm": {
          "pitch": -0.67564476
        }
      },
      {
        "tick": 75,
        "easing": "INOUTQUAD",
        "rightArm": {
          "pitch": -3.142549
        }
      },
      {
        "tick": 84,
        "easing": "INOUTQUAD",
        "rightArm": {
          "pitch": -3.142549
        }
      },
      {
        "tick": 85,
        "easing": "INOUTQUAD",
        "rightArm": {
          "pitch": 2.9807994
        }
      },
      {
        "tick": 94,
        "easing": "INOUTQUAD",
        "rightArm": {
          "pitch": 2.9807994
        }
      },
      {
        "tick": 95,
        "easing": "INOUTQUAD",
        "rightArm": {
          "pitch": 1.693267
        }
      },
      {
        "tick": 104,
        "easing": "INOUTQUAD",
        "rightArm": {
          "pitch": 1.693267
        }
      },
      {
        "tick": 105,
        "easing": "INOUTQUAD",
        "rightArm": {
          "pitch": -0.0014576487
        }
      },
      {
        "tick": 114,
        "easing": "INOUTQUAD",
        "rightArm": {
          "pitch": -0.0014576487
        }
      },
      {
        "tick": 115,
        "easing": "INOUTQUAD",
        "rightArm": {
          "pitch": 0.65763783
        }
      },
      {
        "tick": 124,
        "easing": "INOUTQUAD",
        "rightArm": {
          "pitch": 0.65763783
        }
      },
      {
        "tick": 125,
        "easing": "INOUTQUAD",
        "rightArm": {
          "pitch": -3.4441948
        }
      },
      {
        "tick": 134,
        "easing": "INOUTQUAD",
        "rightArm": {
          "pitch": -3.4441948
        }
      },
      {
        "tick": 135,
        "easing": "INOUTQUAD",
        "rightArm": {
          "pitch": -3.149893
        }
      },
      {
        "tick": 144,
        "easing": "INOUTQUAD",
        "rightArm": {
          "pitch": -3.149893
        }
      },
      {
        "tick": 145,
        "easing": "INOUTQUAD",
        "rightArm": {
          "pitch": -0.65401036
        }
      },
      {
        "tick": 154,
        "easing": "INOUTQUAD",
        "rightArm": {
          "pitch": -0.65401036
        }
      },
      {
        "tick": 155,
        "easing": "INOUTQUAD",
        "rightArm": {
          "pitch": -3.1320117
        }
      },
      {
        "tick": 164,
        "easing": "INOUTQUAD",
        "rightArm": {
          "pitch": -3.1320117
        }
      },
      {
        "tick": 165,
        "easing": "INOUTQUAD",
        "rightArm": {
          "pitch": 0.0
        }
      },
      {
        "tick": 4,
        "easing": "INOUTQUAD",
        "rightArm": {
          "yaw": -0.0
        }
      },
      {
        "tick": 5,
        "easing": "INOUTQUAD",
        "rightArm": {
          "yaw": -0.7990288
        }
      },
      {
        "tick": 14,
        "easing": "INOUTQUAD",
        "rightArm": {
          "yaw": -0.7990288
        }
      },
      {
        "tick": 15,
        "easing": "INOUTQUAD",
        "rightArm": {
          "yaw": -0.8078986
        }
      },
      {
        "tick": 24,
        "easing": "INOUTQUAD",
        "rightArm": {
          "yaw": -0.8078986
        }
      },
      {
        "tick": 25,
        "easing": "INOUTQUAD",
        "rightArm": {
          "yaw": -0.8078987
        }
      },
      {
        "tick": 34,
        "easing": "INOUTQUAD",
        "rightArm": {
          "yaw": -0.8078987
        }
      },
      {
        "tick": 35,
        "easing": "INOUTQUAD",
        "rightArm": {
          "yaw": -0.31803387
        }
      },
      {
        "tick": 44,
        "easing": "INOUTQUAD",
        "rightArm": {
          "yaw": -0.31803387
        }
      },
      {
        "tick": 45,
        "easing": "INOUTQUAD",
        "rightArm": {
          "yaw": -0.14138679
        }
      },
      {
        "tick": 54,
        "easing": "INOUTQUAD",
        "rightArm": {
          "yaw": -0.14138679
        }
      },
      {
        "tick": 55,
        "easing": "INOUTQUAD",
        "rightArm": {
          "yaw": -0.0
        }
      },
      {
        "tick": 64,
        "easing": "INOUTQUAD",
        "rightArm": {
          "yaw": -0.0
        }
      },
      {
        "tick": 65,
        "easing": "INOUTQUAD",
        "rightArm": {
          "yaw": -0.9297993
        }
      },
      {
        "tick": 74,
        "easing": "INOUTQUAD",
        "rightArm": {
          "yaw": -0.9297993
        }
      },
      {
        "tick": 75,
        "easing": "INOUTQUAD",
        "rightArm": {
          "yaw": 0.2030788
        }
      },
      {
        "tick": 84,
        "easing": "INOUTQUAD",
        "rightArm": {
          "yaw": 0.2030788
        }
      },
      {
        "tick": 85,
        "easing": "INOUTQUAD",
        "rightArm": {
          "yaw": 1.0315573
        }
      },
      {
        "tick": 94,
        "easing": "INOUTQUAD",
        "rightArm": {
          "yaw": 1.0315573
        }
      },
      {
        "tick": 95,
        "easing": "INOUTQUAD",
        "rightArm": {
          "yaw": 0.010718631
        }
      },
      {
        "tick": 104,
        "easing": "INOUTQUAD",
        "rightArm": {
          "yaw": 0.010718631
        }
      },
      {
        "tick": 105,
        "easing": "INOUTQUAD",
        "rightArm": {
          "yaw": -0.049475487
        }
      },
      {
        "tick": 114,
        "easing": "INOUTQUAD",
        "rightArm": {
          "yaw": -0.049475487
        }
      },
      {
        "tick": 115,
        "easing": "INOUTQUAD",
        "rightArm": {
          "yaw": -0.21283935
        }
      },
      {
        "tick": 124,
        "easing": "INOUTQUAD",
        "rightArm": {
          "yaw": -0.21283935
        }
      },
      {
        "tick": 125,
        "easing": "INOUTQUAD",
        "rightArm": {
          "yaw": 0.88883036
        }
      },
      {
        "tick": 134,
        "easing": "INOUTQUAD",
        "rightArm": {
          "yaw": 0.88883036
        }
      },
      {
        "tick": 135,
        "easing": "INOUTQUAD",
        "rightArm": {
          "yaw": -0.0376238
        }
      },
      {
        "tick": 144,
        "easing": "INOUTQUAD",
        "rightArm": {
          "yaw": -0.0376238
        }
      },
      {
        "tick": 145,
        "easing": "INOUTQUAD",
        "rightArm": {
          "yaw": 1.4946102
        }
      },
      {
        "tick": 154,
        "easing": "INOUTQUAD",
        "rightArm": {
          "yaw": 1.4946102
        }
      },
      {
        "tick": 155,
        "easing": "INOUTQUAD",
        "rightArm": {
          "yaw": -1.3037015
        }
      },
      {
        "tick": 164,
        "easing": "INOUTQUAD",
        "rightArm": {
          "yaw": -1.3037015
        }
      },
      {
        "tick": 165,
        "easing": "INOUTQUAD",
        "rightArm": {
          "yaw": -0.7990288
        }
      },
      {
        "tick": 4,
        "easing": "INOUTQUAD",
        "rightArm": {
          "roll": -0.0
        }
      },
      {
        "tick": 5,
        "easing": "INOUTQUAD",
        "rightArm": {
          "roll": -0.30187678
        }
      },
      {
        "tick": 14,
        "easing": "INOUTQUAD",
        "rightArm": {
          "roll": -0.30187678
        }
      },
      {
        "tick": 15,
        "easing": "INOUTQUAD",
        "rightArm": {
          "roll": 0.2721525
        }
      },
      {
        "tick": 24,
        "easing": "INOUTQUAD",
        "rightArm": {
          "roll": 0.2721525
        }
      },
      {
        "tick": 25,
        "easing": "INOUTQUAD",
        "rightArm": {
          "roll": 0.18416819
        }
      },
      {
        "tick": 34,
        "easing": "INOUTQUAD",
        "rightArm": {
          "roll": 0.18416819
        }
      },
      {
        "tick": 35,
        "easing": "INOUTQUAD",
        "rightArm": {
          "roll": -0.09789227
        }
      },
      {
        "tick": 44,
        "easing": "INOUTQUAD",
        "rightArm": {
          "roll": -0.09789227
        }
      },
      {
        "tick": 45,
        "easing": "INOUTQUAD",
        "rightArm": {
          "roll": 0.2198998
        }
      },
      {
        "tick": 54,
        "easing": "INOUTQUAD",
        "rightArm": {
          "roll": 0.2198998
        }
      },
      {
        "tick": 55,
        "easing": "INOUTQUAD",
        "rightArm": {
          "roll": -0.48504347
        }
      },
      {
        "tick": 64,
        "easing": "INOUTQUAD",
        "rightArm": {
          "roll": -0.48504347
        }
      },
      {
        "tick": 65,
        "easing": "INOUTQUAD",
        "rightArm": {
          "roll": -0.67907065
        }
      },
      {
        "tick": 74,
        "easing": "INOUTQUAD",
        "rightArm": {
          "roll": -0.67907065
        }
      },
      {
        "tick": 75,
        "easing": "INOUTQUAD",
        "rightArm": {
          "roll": -6.110932E-5
        }
      },
      {
        "tick": 84,
        "easing": "INOUTQUAD",
        "rightArm": {
          "roll": -6.110932E-5
        }
      },
      {
        "tick": 85,
        "easing": "INOUTQUAD",
        "rightArm": {
          "roll": 4.3807907
        }
      },
      {
        "tick": 94,
        "easing": "INOUTQUAD",
        "rightArm": {
          "roll": 4.3807907
        }
      },
      {
        "tick": 95,
        "easing": "INOUTQUAD",
        "rightArm": {
          "roll": -0.009480219
        }
      },
      {
        "tick": 104,
        "easing": "INOUTQUAD",
        "rightArm": {
          "roll": -0.009480219
        }
      },
      {
        "tick": 105,
        "easing": "INOUTQUAD",
        "rightArm": {
          "roll": 0.029465547
        }
      },
      {
        "tick": 114,
        "easing": "INOUTQUAD",
        "rightArm": {
          "roll": 0.029465547
        }
      },
      {
        "tick": 115,
        "easing": "INOUTQUAD",
        "rightArm": {
          "roll": -0.6154332
        }
      },
      {
        "tick": 124,
        "easing": "INOUTQUAD",
        "rightArm": {
          "roll": -0.6154332
        }
      },
      {
        "tick": 125,
        "easing": "INOUTQUAD",
        "rightArm": {
          "roll": -0.8863503
        }
      },
      {
        "tick": 134,
        "easing": "INOUTQUAD",
        "rightArm": {
          "roll": -0.8863503
        }
      },
      {
        "tick": 135,
        "easing": "INOUTQUAD",
        "rightArm": {
          "roll": 1.5616314E-4
        }
      },
      {
        "tick": 144,
        "easing": "INOUTQUAD",
        "rightArm": {
          "roll": 1.5616314E-4
        }
      },
      {
        "tick": 145,
        "easing": "INOUTQUAD",
        "rightArm": {
          "roll": 1.8965981
        }
      },
      {
        "tick": 154,
        "easing": "INOUTQUAD",
        "rightArm": {
          "roll": 1.8965981
        }
      },
      {
        "tick": 155,
        "easing": "INOUTQUAD",
        "rightArm": {
          "roll": -0.2532393
        }
      },
      {
        "tick": 164,
        "easing": "INOUTQUAD",
        "rightArm": {
          "roll": -0.2532393
        }
      },
      {
        "tick": 165,
        "easing": "INOUTQUAD",
        "rightArm": {
          "roll": -0.30187678
        }
      },
      {
        "tick": 4,
        "easing": "INOUTQUAD",
        "leftArm": {
          "x": 5.0
        }
      },
      {
        "tick": 5,
        "easing": "INOUTQUAD",
        "leftArm": {
          "x": 5.0
        }
      },
      {
        "tick": 64,
        "easing": "INOUTQUAD",
        "leftArm": {
          "x": 5.0
        }
      },
      {
        "tick": 65,
        "easing": "INOUTQUAD",
        "leftArm": {
          "x": 2.9568586
        }
      },
      {
        "tick": 74,
        "easing": "INOUTQUAD",
        "leftArm": {
          "x": 2.9568586
        }
      },
      {
        "tick": 75,
        "easing": "INOUTQUAD",
        "leftArm": {
          "x": 5.0
        }
      },
      {
        "tick": 165,
        "easing": "INOUTQUAD",
        "leftArm": {
          "x": 5.0
        }
      },
      {
        "tick": 4,
        "easing": "INOUTQUAD",
        "leftArm": {
          "y": 2.0
        }
      },
      {
        "tick": 5,
        "easing": "INOUTQUAD",
        "leftArm": {
          "y": 4.0875206
        }
      },
      {
        "tick": 14,
        "easing": "INOUTQUAD",
        "leftArm": {
          "y": 4.0875206
        }
      },
      {
        "tick": 15,
        "easing": "INOUTQUAD",
        "leftArm": {
          "y": 2.0
        }
      },
      {
        "tick": 164,
        "easing": "INOUTQUAD",
        "leftArm": {
          "y": 2.0
        }
      },
      {
        "tick": 165,
        "easing": "INOUTQUAD",
        "leftArm": {
          "y": 4.0875206
        }
      },
      {
        "tick": 4,
        "easing": "INOUTQUAD",
        "leftArm": {
          "z": -0.0
        }
      },
      {
        "tick": 5,
        "easing": "INOUTQUAD",
        "leftArm": {
          "z": -0.0
        }
      },
      {
        "tick": 64,
        "easing": "INOUTQUAD",
        "leftArm": {
          "z": -0.0
        }
      },
      {
        "tick": 65,
        "easing": "INOUTQUAD",
        "leftArm": {
          "z": -2.203474
        }
      },
      {
        "tick": 74,
        "easing": "INOUTQUAD",
        "leftArm": {
          "z": -2.203474
        }
      },
      {
        "tick": 75,
        "easing": "INOUTQUAD",
        "leftArm": {
          "z": -0.0
        }
      },
      {
        "tick": 165,
        "easing": "INOUTQUAD",
        "leftArm": {
          "z": -0.0
        }
      },
      {
        "tick": 4,
        "easing": "INOUTQUAD",
        "leftArm": {
          "pitch": -0.0
        }
      },
      {
        "tick": 5,
        "easing": "INOUTQUAD",
        "leftArm": {
          "pitch": -0.51976997
        }
      },
      {
        "tick": 14,
        "easing": "INOUTQUAD",
        "leftArm": {
          "pitch": -0.51976997
        }
      },
      {
        "tick": 15,
        "easing": "INOUTQUAD",
        "leftArm": {
          "pitch": -0.6709974
        }
      },
      {
        "tick": 24,
        "easing": "INOUTQUAD",
        "leftArm": {
          "pitch": -0.6709974
        }
      },
      {
        "tick": 25,
        "easing": "INOUTQUAD",
        "leftArm": {
          "pitch": -0.6709973
        }
      },
      {
        "tick": 34,
        "easing": "INOUTQUAD",
        "leftArm": {
          "pitch": -0.6709973
        }
      },
      {
        "tick": 35,
        "easing": "INOUTQUAD",
        "leftArm": {
          "pitch": -0.0
        }
      },
      {
        "tick": 44,
        "easing": "INOUTQUAD",
        "leftArm": {
          "pitch": -0.0
        }
      },
      {
        "tick": 45,
        "easing": "INOUTQUAD",
        "leftArm": {
          "pitch": -0.30776563
        }
      },
      {
        "tick": 54,
        "easing": "INOUTQUAD",
        "leftArm": {
          "pitch": -0.30776563
        }
      },
      {
        "tick": 55,
        "easing": "INOUTQUAD",
        "leftArm": {
          "pitch": 0.65677315
        }
      },
      {
        "tick": 64,
        "easing": "INOUTQUAD",
        "leftArm": {
          "pitch": 0.65677315
        }
      },
      {
        "tick": 65,
        "easing": "INOUTQUAD",
        "leftArm": {
          "pitch": -1.6417192
        }
      },
      {
        "tick": 74,
        "easing": "INOUTQUAD",
        "leftArm": {
          "pitch": -1.6417192
        }
      },
      {
        "tick": 75,
        "easing": "INOUTQUAD",
        "leftArm": {
          "pitch": 3.1355157
        }
      },
      {
        "tick": 84,
        "easing": "INOUTQUAD",
        "leftArm": {
          "pitch": 3.1355157
        }
      },
      {
        "tick": 85,
        "easing": "INOUTQUAD",
        "leftArm": {
          "pitch": 0.0010496362
        }
      },
      {
        "tick": 94,
        "easing": "INOUTQUAD",
        "leftArm": {
          "pitch": 0.0010496362
        }
      },
      {
        "tick": 95,
        "easing": "INOUTQUAD",
        "leftArm": {
          "pitch": 1.6392988
        }
      },
      {
        "tick": 104,
        "easing": "INOUTQUAD",
        "leftArm": {
          "pitch": 1.6392988
        }
      },
      {
        "tick": 105,
        "easing": "INOUTQUAD",
        "leftArm": {
          "pitch": -0.0025698922
        }
      },
      {
        "tick": 114,
        "easing": "INOUTQUAD",
        "leftArm": {
          "pitch": -0.0025698922
        }
      },
      {
        "tick": 115,
        "easing": "INOUTQUAD",
        "leftArm": {
          "pitch": 0.5024246
        }
      },
      {
        "tick": 124,
        "easing": "INOUTQUAD",
        "leftArm": {
          "pitch": 0.5024246
        }
      },
      {
        "tick": 125,
        "easing": "INOUTQUAD",
        "leftArm": {
          "pitch": -2.8041947
        }
      },
      {
        "tick": 134,
        "easing": "INOUTQUAD",
        "leftArm": {
          "pitch": -2.8041947
        }
      },
      {
        "tick": 135,
        "easing": "INOUTQUAD",
        "leftArm": {
          "pitch": -3.1532238
        }
      },
      {
        "tick": 144,
        "easing": "INOUTQUAD",
        "leftArm": {
          "pitch": -3.1532238
        }
      },
      {
        "tick": 145,
        "easing": "INOUTQUAD",
        "leftArm": {
          "pitch": -0.0
        }
      },
      {
        "tick": 154,
        "easing": "INOUTQUAD",
        "leftArm": {
          "pitch": -0.0
        }
      },
      {
        "tick": 155,
        "easing": "INOUTQUAD",
        "leftArm": {
          "pitch": -1.1308259
        }
      },
      {
        "tick": 164,
        "easing": "INOUTQUAD",
        "leftArm": {
          "pitch": -1.1308259
        }
      },
      {
        "tick": 165,
        "easing": "INOUTQUAD",
        "leftArm": {
          "pitch": -0.51976997
        }
      },
      {
        "tick": 4,
        "easing": "INOUTQUAD",
        "leftArm": {
          "yaw": -0.0
        }
      },
      {
        "tick": 5,
        "easing": "INOUTQUAD",
        "leftArm": {
          "yaw": 1.172347
        }
      },
      {
        "tick": 14,
        "easing": "INOUTQUAD",
        "leftArm": {
          "yaw": 1.172347
        }
      },
      {
        "tick": 15,
        "easing": "INOUTQUAD",
        "leftArm": {
          "yaw": 0.037808705
        }
      },
      {
        "tick": 24,
        "easing": "INOUTQUAD",
        "leftArm": {
          "yaw": 0.037808705
        }
      },
      {
        "tick": 25,
        "easing": "INOUTQUAD",
        "leftArm": {
          "yaw": 0.037808713
        }
      },
      {
        "tick": 34,
        "easing": "INOUTQUAD",
        "leftArm": {
          "yaw": 0.037808713
        }
      },
      {
        "tick": 35,
        "easing": "INOUTQUAD",
        "leftArm": {
          "yaw": 0.62366265
        }
      },
      {
        "tick": 44,
        "easing": "INOUTQUAD",
        "leftArm": {
          "yaw": 0.62366265
        }
      },
      {
        "tick": 45,
        "easing": "INOUTQUAD",
        "leftArm": {
          "yaw": 0.7531556
        }
      },
      {
        "tick": 54,
        "easing": "INOUTQUAD",
        "leftArm": {
          "yaw": 0.7531556
        }
      },
      {
        "tick": 55,
        "easing": "INOUTQUAD",
        "leftArm": {
          "yaw": -0.0
        }
      },
      {
        "tick": 64,
        "easing": "INOUTQUAD",
        "leftArm": {
          "yaw": -0.0
        }
      },
      {
        "tick": 65,
        "easing": "INOUTQUAD",
        "leftArm": {
          "yaw": 1.2664338
        }
      },
      {
        "tick": 74,
        "easing": "INOUTQUAD",
        "leftArm": {
          "yaw": 1.2664338
        }
      },
      {
        "tick": 75,
        "easing": "INOUTQUAD",
        "leftArm": {
          "yaw": -0.13954905
        }
      },
      {
        "tick": 84,
        "easing": "INOUTQUAD",
        "leftArm": {
          "yaw": -0.13954905
        }
      },
      {
        "tick": 85,
        "easing": "INOUTQUAD",
        "leftArm": {
          "yaw": -0.013174082
        }
      },
      {
        "tick": 94,
        "easing": "INOUTQUAD",
        "leftArm": {
          "yaw": -0.013174082
        }
      },
      {
        "tick": 95,
        "easing": "INOUTQUAD",
        "leftArm": {
          "yaw": 0.010205563
        }
      },
      {
        "tick": 104,
        "easing": "INOUTQUAD",
        "leftArm": {
          "yaw": 0.010205563
        }
      },
      {
        "tick": 105,
        "easing": "INOUTQUAD",
        "leftArm": {
          "yaw": 0.06644766
        }
      },
      {
        "tick": 114,
        "easing": "INOUTQUAD",
        "leftArm": {
          "yaw": 0.06644766
        }
      },
      {
        "tick": 115,
        "easing": "INOUTQUAD",
        "leftArm": {
          "yaw": -0.010088136
        }
      },
      {
        "tick": 124,
        "easing": "INOUTQUAD",
        "leftArm": {
          "yaw": -0.010088136
        }
      },
      {
        "tick": 125,
        "easing": "INOUTQUAD",
        "leftArm": {
          "yaw": 0.6029994
        }
      },
      {
        "tick": 134,
        "easing": "INOUTQUAD",
        "leftArm": {
          "yaw": 0.6029994
        }
      },
      {
        "tick": 135,
        "easing": "INOUTQUAD",
        "leftArm": {
          "yaw": -0.03762318
        }
      },
      {
        "tick": 144,
        "easing": "INOUTQUAD",
        "leftArm": {
          "yaw": -0.03762318
        }
      },
      {
        "tick": 145,
        "easing": "INOUTQUAD",
        "leftArm": {
          "yaw": -0.0
        }
      },
      {
        "tick": 154,
        "easing": "INOUTQUAD",
        "leftArm": {
          "yaw": -0.0
        }
      },
      {
        "tick": 155,
        "easing": "INOUTQUAD",
        "leftArm": {
          "yaw": 0.44563633
        }
      },
      {
        "tick": 164,
        "easing": "INOUTQUAD",
        "leftArm": {
          "yaw": 0.44563633
        }
      },
      {
        "tick": 165,
        "easing": "INOUTQUAD",
        "leftArm": {
          "yaw": 1.172347
        }
      },
      {
        "tick": 4,
        "easing": "INOUTQUAD",
        "leftArm": {
          "roll": -0.0
        }
      },
      {
        "tick": 5,
        "easing": "INOUTQUAD",
        "leftArm": {
          "roll": 0.48641014
        }
      },
      {
        "tick": 14,
        "easing": "INOUTQUAD",
        "leftArm": {
          "roll": 0.48641014
        }
      },
      {
        "tick": 15,
        "easing": "INOUTQUAD",
        "leftArm": {
          "roll": 0.10834044
        }
      },
      {
        "tick": 24,
        "easing": "INOUTQUAD",
        "leftArm": {
          "roll": 0.10834044
        }
      },
      {
        "tick": 25,
        "easing": "INOUTQUAD",
        "leftArm": {
          "roll": 0.5676788
        }
      },
      {
        "tick": 34,
        "easing": "INOUTQUAD",
        "leftArm": {
          "roll": 0.5676788
        }
      },
      {
        "tick": 35,
        "easing": "INOUTQUAD",
        "leftArm": {
          "roll": 0.07504642
        }
      },
      {
        "tick": 44,
        "easing": "INOUTQUAD",
        "leftArm": {
          "roll": 0.07504642
        }
      },
      {
        "tick": 45,
        "easing": "INOUTQUAD",
        "leftArm": {
          "roll": 0.006862871
        }
      },
      {
        "tick": 54,
        "easing": "INOUTQUAD",
        "leftArm": {
          "roll": 0.006862871
        }
      },
      {
        "tick": 55,
        "easing": "INOUTQUAD",
        "leftArm": {
          "roll": 0.5692944
        }
      },
      {
        "tick": 64,
        "easing": "INOUTQUAD",
        "leftArm": {
          "roll": 0.5692944
        }
      },
      {
        "tick": 65,
        "easing": "INOUTQUAD",
        "leftArm": {
          "roll": -0.0
        }
      },
      {
        "tick": 74,
        "easing": "INOUTQUAD",
        "leftArm": {
          "roll": -0.0
        }
      },
      {
        "tick": 75,
        "easing": "INOUTQUAD",
        "leftArm": {
          "roll": -2.8592016E-5
        }
      },
      {
        "tick": 84,
        "easing": "INOUTQUAD",
        "leftArm": {
          "roll": -2.8592016E-5
        }
      },
      {
        "tick": 85,
        "easing": "INOUTQUAD",
        "leftArm": {
          "roll": -1.7287096
        }
      },
      {
        "tick": 94,
        "easing": "INOUTQUAD",
        "leftArm": {
          "roll": -1.7287096
        }
      },
      {
        "tick": 95,
        "easing": "INOUTQUAD",
        "leftArm": {
          "roll": -0.009529364
        }
      },
      {
        "tick": 104,
        "easing": "INOUTQUAD",
        "leftArm": {
          "roll": -0.009529364
        }
      },
      {
        "tick": 105,
        "easing": "INOUTQUAD",
        "leftArm": {
          "roll": -0.038684685
        }
      },
      {
        "tick": 114,
        "easing": "INOUTQUAD",
        "leftArm": {
          "roll": -0.038684685
        }
      },
      {
        "tick": 115,
        "easing": "INOUTQUAD",
        "leftArm": {
          "roll": 0.31971967
        }
      },
      {
        "tick": 124,
        "easing": "INOUTQUAD",
        "leftArm": {
          "roll": 0.31971967
        }
      },
      {
        "tick": 125,
        "easing": "INOUTQUAD",
        "leftArm": {
          "roll": 0.88968116
        }
      },
      {
        "tick": 134,
        "easing": "INOUTQUAD",
        "leftArm": {
          "roll": 0.88968116
        }
      },
      {
        "tick": 135,
        "easing": "INOUTQUAD",
        "leftArm": {
          "roll": 2.188246E-4
        }
      },
      {
        "tick": 144,
        "easing": "INOUTQUAD",
        "leftArm": {
          "roll": 2.188246E-4
        }
      },
      {
        "tick": 145,
        "easing": "INOUTQUAD",
        "leftArm": {
          "roll": -2.1538641
        }
      },
      {
        "tick": 154,
        "easing": "INOUTQUAD",
        "leftArm": {
          "roll": -2.1538641
        }
      },
      {
        "tick": 155,
        "easing": "INOUTQUAD",
        "leftArm": {
          "roll": -0.0
        }
      },
      {
        "tick": 164,
        "easing": "INOUTQUAD",
        "leftArm": {
          "roll": 0.0
        }
      },
      {
        "tick": 165,
        "easing": "INOUTQUAD",
        "leftArm": {
          "roll": 0.48641014
        }
      },
      {
        "tick": 4,
        "easing": "INOUTQUAD",
        "leftLeg": {
          "x": 1.9
        }
      },
      {
        "tick": 5,
        "easing": "INOUTQUAD",
        "leftLeg": {
          "x": 2.338033
        }
      },
      {
        "tick": 14,
        "easing": "INOUTQUAD",
        "leftLeg": {
          "x": 2.338033
        }
      },
      {
        "tick": 15,
        "easing": "INOUTQUAD",
        "leftLeg": {
          "x": 2.4034452
        }
      },
      {
        "tick": 34,
        "easing": "INOUTQUAD",
        "leftLeg": {
          "x": 2.4034452
        }
      },
      {
        "tick": 35,
        "easing": "INOUTQUAD",
        "leftLeg": {
          "x": 1.9
        }
      },
      {
        "tick": 164,
        "easing": "INOUTQUAD",
        "leftLeg": {
          "x": 1.9
        }
      },
      {
        "tick": 165,
        "easing": "INOUTQUAD",
        "leftLeg": {
          "x": 2.338033
        }
      },
      {
        "tick": 4,
        "easing": "INOUTQUAD",
        "leftLeg": {
          "y": 12.0
        }
      },
      {
        "tick": 5,
        "easing": "INOUTQUAD",
        "leftLeg": {
          "y": 9.917855
        }
      },
      {
        "tick": 14,
        "easing": "INOUTQUAD",
        "leftLeg": {
          "y": 9.917855
        }
      },
      {
        "tick": 15,
        "easing": "INOUTQUAD",
        "leftLeg": {
          "y": 10.922021
        }
      },
      {
        "tick": 24,
        "easing": "INOUTQUAD",
        "leftLeg": {
          "y": 10.922021
        }
      },
      {
        "tick": 25,
        "easing": "INOUTQUAD",
        "leftLeg": {
          "y": 10.576937
        }
      },
      {
        "tick": 34,
        "easing": "INOUTQUAD",
        "leftLeg": {
          "y": 10.576937
        }
      },
      {
        "tick": 35,
        "easing": "INOUTQUAD",
        "leftLeg": {
          "y": 12.0
        }
      },
      {
        "tick": 164,
        "easing": "INOUTQUAD",
        "leftLeg": {
          "y": 12.0
        }
      },
      {
        "tick": 165,
        "easing": "INOUTQUAD",
        "leftLeg": {
          "y": 9.917855
        }
      },
      {
        "tick": 4,
        "easing": "INOUTQUAD",
        "leftLeg": {
          "z": -0.1
        }
      },
      {
        "tick": 5,
        "easing": "INOUTQUAD",
        "leftLeg": {
          "z": -3.7886016
        }
      },
      {
        "tick": 14,
        "easing": "INOUTQUAD",
        "leftLeg": {
          "z": -3.7886016
        }
      },
      {
        "tick": 15,
        "easing": "INOUTQUAD",
        "leftLeg": {
          "z": -3.7174206
        }
      },
      {
        "tick": 34,
        "easing": "INOUTQUAD",
        "leftLeg": {
          "z": -3.7174206
        }
      },
      {
        "tick": 35,
        "easing": "INOUTQUAD",
        "leftLeg": {
          "z": -0.1
        }
      },
      {
        "tick": 164,
        "easing": "INOUTQUAD",
        "leftLeg": {
          "z": -0.1
        }
      },
      {
        "tick": 165,
        "easing": "INOUTQUAD",
        "leftLeg": {
          "z": -3.7886016
        }
      },
      {
        "tick": 4,
        "easing": "INOUTQUAD",
        "leftLeg": {
          "pitch": -0.0
        }
      },
      {
        "tick": 5,
        "easing": "INOUTQUAD",
        "leftLeg": {
          "pitch": -0.28943428
        }
      },
      {
        "tick": 14,
        "easing": "INOUTQUAD",
        "leftLeg": {
          "pitch": -0.28943428
        }
      },
      {
        "tick": 15,
        "easing": "INOUTQUAD",
        "leftLeg": {
          "pitch": -0.29512814
        }
      },
      {
        "tick": 34,
        "easing": "INOUTQUAD",
        "leftLeg": {
          "pitch": -0.29512814
        }
      },
      {
        "tick": 35,
        "easing": "INOUTQUAD",
        "leftLeg": {
          "pitch": -0.0
        }
      },
      {
        "tick": 44,
        "easing": "INOUTQUAD",
        "leftLeg": {
          "pitch": -0.0
        }
      },
      {
        "tick": 45,
        "easing": "INOUTQUAD",
        "leftLeg": {
          "pitch": 0.01708789
        }
      },
      {
        "tick": 54,
        "easing": "INOUTQUAD",
        "leftLeg": {
          "pitch": 0.01708789
        }
      },
      {
        "tick": 55,
        "easing": "INOUTQUAD",
        "leftLeg": {
          "pitch": 0.04704775
        }
      },
      {
        "tick": 64,
        "easing": "INOUTQUAD",
        "leftLeg": {
          "pitch": 0.04704775
        }
      },
      {
        "tick": 65,
        "easing": "INOUTQUAD",
        "leftLeg": {
          "pitch": 0.0030718336
        }
      },
      {
        "tick": 74,
        "easing": "INOUTQUAD",
        "leftLeg": {
          "pitch": 0.0030718336
        }
      },
      {
        "tick": 75,
        "easing": "INOUTQUAD",
        "leftLeg": {
          "pitch": 0.043501973
        }
      },
      {
        "tick": 84,
        "easing": "INOUTQUAD",
        "leftLeg": {
          "pitch": 0.043501973
        }
      },
      {
        "tick": 85,
        "easing": "INOUTQUAD",
        "leftLeg": {
          "pitch": -0.0
        }
      },
      {
        "tick": 94,
        "easing": "INOUTQUAD",
        "leftLeg": {
          "pitch": 0.0
        }
      },
      {
        "tick": 95,
        "easing": "INOUTQUAD",
        "leftLeg": {
          "pitch": -1.5781744
        }
      },
      {
        "tick": 104,
        "easing": "INOUTQUAD",
        "leftLeg": {
          "pitch": -1.5781744
        }
      },
      {
        "tick": 105,
        "easing": "INOUTQUAD",
        "leftLeg": {
          "pitch": 3.203295E-12
        }
      },
      {
        "tick": 114,
        "easing": "INOUTQUAD",
        "leftLeg": {
          "pitch": 3.203295E-12
        }
      },
      {
        "tick": 115,
        "easing": "INOUTQUAD",
        "leftLeg": {
          "pitch": 0.13094698
        }
      },
      {
        "tick": 124,
        "easing": "INOUTQUAD",
        "leftLeg": {
          "pitch": 0.13094698
        }
      },
      {
        "tick": 125,
        "easing": "INOUTQUAD",
        "leftLeg": {
          "pitch": 0.109108955
        }
      },
      {
        "tick": 134,
        "easing": "INOUTQUAD",
        "leftLeg": {
          "pitch": 0.109108955
        }
      },
      {
        "tick": 135,
        "easing": "INOUTQUAD",
        "leftLeg": {
          "pitch": -1.5687531
        }
      },
      {
        "tick": 144,
        "easing": "INOUTQUAD",
        "leftLeg": {
          "pitch": -1.5687531
        }
      },
      {
        "tick": 145,
        "easing": "INOUTQUAD",
        "leftLeg": {
          "pitch": -0.0
        }
      },
      {
        "tick": 164,
        "easing": "INOUTQUAD",
        "leftLeg": {
          "pitch": 0.0
        }
      },
      {
        "tick": 165,
        "easing": "INOUTQUAD",
        "leftLeg": {
          "pitch": -0.28943428
        }
      },
      {
        "tick": 4,
        "easing": "INOUTQUAD",
        "leftLeg": {
          "yaw": -0.0
        }
      },
      {
        "tick": 5,
        "easing": "INOUTQUAD",
        "leftLeg": {
          "yaw": -0.24234551
        }
      },
      {
        "tick": 14,
        "easing": "INOUTQUAD",
        "leftLeg": {
          "yaw": -0.24234551
        }
      },
      {
        "tick": 15,
        "easing": "INOUTQUAD",
        "leftLeg": {
          "yaw": -0.04647371
        }
      },
      {
        "tick": 24,
        "easing": "INOUTQUAD",
        "leftLeg": {
          "yaw": -0.04647371
        }
      },
      {
        "tick": 25,
        "easing": "INOUTQUAD",
        "leftLeg": {
          "yaw": -0.046473704
        }
      },
      {
        "tick": 34,
        "easing": "INOUTQUAD",
        "leftLeg": {
          "yaw": -0.046473704
        }
      },
      {
        "tick": 35,
        "easing": "INOUTQUAD",
        "leftLeg": {
          "yaw": -0.14872508
        }
      },
      {
        "tick": 44,
        "easing": "INOUTQUAD",
        "leftLeg": {
          "yaw": -0.14872508
        }
      },
      {
        "tick": 45,
        "easing": "INOUTQUAD",
        "leftLeg": {
          "yaw": -0.27384213
        }
      },
      {
        "tick": 54,
        "easing": "INOUTQUAD",
        "leftLeg": {
          "yaw": -0.27384213
        }
      },
      {
        "tick": 55,
        "easing": "INOUTQUAD",
        "leftLeg": {
          "yaw": -0.22910896
        }
      },
      {
        "tick": 64,
        "easing": "INOUTQUAD",
        "leftLeg": {
          "yaw": -0.22910896
        }
      },
      {
        "tick": 65,
        "easing": "INOUTQUAD",
        "leftLeg": {
          "yaw": -0.29659358
        }
      },
      {
        "tick": 74,
        "easing": "INOUTQUAD",
        "leftLeg": {
          "yaw": -0.29659358
        }
      },
      {
        "tick": 75,
        "easing": "INOUTQUAD",
        "leftLeg": {
          "yaw": -0.09799422
        }
      },
      {
        "tick": 84,
        "easing": "INOUTQUAD",
        "leftLeg": {
          "yaw": -0.09799422
        }
      },
      {
        "tick": 85,
        "easing": "INOUTQUAD",
        "leftLeg": {
          "yaw": -0.0
        }
      },
      {
        "tick": 94,
        "easing": "INOUTQUAD",
        "leftLeg": {
          "yaw": -0.0
        }
      },
      {
        "tick": 95,
        "easing": "INOUTQUAD",
        "leftLeg": {
          "yaw": 0.009622238
        }
      },
      {
        "tick": 104,
        "easing": "INOUTQUAD",
        "leftLeg": {
          "yaw": 0.009622238
        }
      },
      {
        "tick": 105,
        "easing": "INOUTQUAD",
        "leftLeg": {
          "yaw": -0.37212652
        }
      },
      {
        "tick": 114,
        "easing": "INOUTQUAD",
        "leftLeg": {
          "yaw": -0.37212652
        }
      },
      {
        "tick": 115,
        "easing": "INOUTQUAD",
        "leftLeg": {
          "yaw": 0.22992273
        }
      },
      {
        "tick": 124,
        "easing": "INOUTQUAD",
        "leftLeg": {
          "yaw": 0.22992273
        }
      },
      {
        "tick": 125,
        "easing": "INOUTQUAD",
        "leftLeg": {
          "yaw": -0.297723
        }
      },
      {
        "tick": 134,
        "easing": "INOUTQUAD",
        "leftLeg": {
          "yaw": -0.297723
        }
      },
      {
        "tick": 135,
        "easing": "INOUTQUAD",
        "leftLeg": {
          "yaw": -0.01908363
        }
      },
      {
        "tick": 144,
        "easing": "INOUTQUAD",
        "leftLeg": {
          "yaw": -0.01908363
        }
      },
      {
        "tick": 145,
        "easing": "INOUTQUAD",
        "leftLeg": {
          "yaw": -0.0
        }
      },
      {
        "tick": 154,
        "easing": "INOUTQUAD",
        "leftLeg": {
          "yaw": -0.0
        }
      },
      {
        "tick": 155,
        "easing": "INOUTQUAD",
        "leftLeg": {
          "yaw": -0.16646482
        }
      },
      {
        "tick": 164,
        "easing": "INOUTQUAD",
        "leftLeg": {
          "yaw": -0.16646482
        }
      },
      {
        "tick": 165,
        "easing": "INOUTQUAD",
        "leftLeg": {
          "yaw": -0.24234551
        }
      },
      {
        "tick": 4,
        "easing": "INOUTQUAD",
        "leftLeg": {
          "roll": -0.0
        }
      },
      {
        "tick": 5,
        "easing": "INOUTQUAD",
        "leftLeg": {
          "roll": -0.07622462
        }
      },
      {
        "tick": 14,
        "easing": "INOUTQUAD",
        "leftLeg": {
          "roll": -0.07622462
        }
      },
      {
        "tick": 15,
        "easing": "INOUTQUAD",
        "leftLeg": {
          "roll": -0.066452764
        }
      },
      {
        "tick": 24,
        "easing": "INOUTQUAD",
        "leftLeg": {
          "roll": -0.066452764
        }
      },
      {
        "tick": 25,
        "easing": "INOUTQUAD",
        "leftLeg": {
          "roll": -0.18356355
        }
      },
      {
        "tick": 34,
        "easing": "INOUTQUAD",
        "leftLeg": {
          "roll": -0.18356355
        }
      },
      {
        "tick": 35,
        "easing": "INOUTQUAD",
        "leftLeg": {
          "roll": -0.04682022
        }
      },
      {
        "tick": 44,
        "easing": "INOUTQUAD",
        "leftLeg": {
          "roll": -0.04682022
        }
      },
      {
        "tick": 45,
        "easing": "INOUTQUAD",
        "leftLeg": {
          "roll": -0.0011612747
        }
      },
      {
        "tick": 54,
        "easing": "INOUTQUAD",
        "leftLeg": {
          "roll": -0.0011612747
        }
      },
      {
        "tick": 55,
        "easing": "INOUTQUAD",
        "leftLeg": {
          "roll": -0.16643818
        }
      },
      {
        "tick": 64,
        "easing": "INOUTQUAD",
        "leftLeg": {
          "roll": -0.16643818
        }
      },
      {
        "tick": 65,
        "easing": "INOUTQUAD",
        "leftLeg": {
          "roll": -0.09162157
        }
      },
      {
        "tick": 74,
        "easing": "INOUTQUAD",
        "leftLeg": {
          "roll": -0.09162157
        }
      },
      {
        "tick": 75,
        "easing": "INOUTQUAD",
        "leftLeg": {
          "roll": -1.1308775E-5
        }
      },
      {
        "tick": 84,
        "easing": "INOUTQUAD",
        "leftLeg": {
          "roll": -1.1308775E-5
        }
      },
      {
        "tick": 85,
        "easing": "INOUTQUAD",
        "leftLeg": {
          "roll": 0.19563156
        }
      },
      {
        "tick": 94,
        "easing": "INOUTQUAD",
        "leftLeg": {
          "roll": 0.19563156
        }
      },
      {
        "tick": 95,
        "easing": "INOUTQUAD",
        "leftLeg": {
          "roll": 0.009551507
        }
      },
      {
        "tick": 104,
        "easing": "INOUTQUAD",
        "leftLeg": {
          "roll": 0.009551507
        }
      },
      {
        "tick": 105,
        "easing": "INOUTQUAD",
        "leftLeg": {
          "roll": -0.08669772
        }
      },
      {
        "tick": 114,
        "easing": "INOUTQUAD",
        "leftLeg": {
          "roll": -0.08669772
        }
      },
      {
        "tick": 115,
        "easing": "INOUTQUAD",
        "leftLeg": {
          "roll": -0.02894436
        }
      },
      {
        "tick": 124,
        "easing": "INOUTQUAD",
        "leftLeg": {
          "roll": -0.02894436
        }
      },
      {
        "tick": 125,
        "easing": "INOUTQUAD",
        "leftLeg": {
          "roll": -0.1509232
        }
      },
      {
        "tick": 134,
        "easing": "INOUTQUAD",
        "leftLeg": {
          "roll": -0.1509232
        }
      },
      {
        "tick": 135,
        "easing": "INOUTQUAD",
        "leftLeg": {
          "roll": -0.1525886
        }
      },
      {
        "tick": 144,
        "easing": "INOUTQUAD",
        "leftLeg": {
          "roll": -0.1525886
        }
      },
      {
        "tick": 145,
        "easing": "INOUTQUAD",
        "leftLeg": {
          "roll": -0.73833025
        }
      },
      {
        "tick": 154,
        "easing": "INOUTQUAD",
        "leftLeg": {
          "roll": -0.73833025
        }
      },
      {
        "tick": 155,
        "easing": "INOUTQUAD",
        "leftLeg": {
          "roll": -0.0
        }
      },
      {
        "tick": 164,
        "easing": "INOUTQUAD",
        "leftLeg": {
          "roll": 0.0
        }
      },
      {
        "tick": 165,
        "easing": "INOUTQUAD",
        "leftLeg": {
          "roll": -0.07622462
        }
      },
      {
        "tick": 4,
        "easing": "INOUTQUAD",
        "body": {
          "x": 0.0
        }
      },
      {
        "tick": 5,
        "easing": "INOUTQUAD",
        "body": {
          "x": -0.04586473
        }
      },
      {
        "tick": 14,
        "easing": "INOUTQUAD",
        "body": {
          "x": 0.019460544
        }
      },
      {
        "tick": 15,
        "easing": "INOUTQUAD",
        "body": {
          "x": -0.14749607
        }
      },
      {
        "tick": 24,
        "easing": "INOUTQUAD",
        "body": {
          "x": -0.055940144
        }
      },
      {
        "tick": 25,
        "easing": "INOUTQUAD",
        "body": {
          "x": -0.04586473
        }
      },
      {
        "tick": 34,
        "easing": "INOUTQUAD",
        "body": {
          "x": 0.019460544
        }
      },
      {
        "tick": 35,
        "easing": "INOUTQUAD",
        "body": {
          "x": -0.16599017
        }
      },
      {
        "tick": 44,
        "easing": "INOUTQUAD",
        "body": {
          "x": 0.0
        }
      },
      {
        "tick": 45,
        "easing": "INOUTQUAD",
        "body": {
          "x": -0.15493058
        }
      },
      {
        "tick": 54,
        "easing": "INOUTQUAD",
        "body": {
          "x": 0.0
        }
      },
      {
        "tick": 55,
        "easing": "INOUTQUAD",
        "body": {
          "x": -0.1035458
        }
      },
      {
        "tick": 64,
        "easing": "INOUTQUAD",
        "body": {
          "x": 0.025333587
        }
      },
      {
        "tick": 65,
        "easing": "INOUTQUAD",
        "body": {
          "x": -0.11034301
        }
      },
      {
        "tick": 74,
        "easing": "INOUTQUAD",
        "body": {
          "x": 0.0
        }
      },
      {
        "tick": 75,
        "easing": "INOUTQUAD",
        "body": {
          "x": -0.21000633
        }
      },
      {
        "tick": 84,
        "easing": "INOUTQUAD",
        "body": {
          "x": 0.0
        }
      },
      {
        "tick": 85,
        "easing": "INOUTQUAD",
        "body": {
          "x": 0.0
        }
      },
      {
        "tick": 94,
        "easing": "INOUTQUAD",
        "body": {
          "x": 0.26974648
        }
      },
      {
        "tick": 95,
        "easing": "INOUTQUAD",
        "body": {
          "x": -0.22764045
        }
      },
      {
        "tick": 104,
        "easing": "INOUTQUAD",
        "body": {
          "x": 0.0
        }
      },
      {
        "tick": 105,
        "easing": "INOUTQUAD",
        "body": {
          "x": -0.15241866
        }
      },
      {
        "tick": 114,
        "easing": "INOUTQUAD",
        "body": {
          "x": 0.0
        }
      },
      {
        "tick": 115,
        "easing": "INOUTQUAD",
        "body": {
          "x": -0.16667084
        }
      },
      {
        "tick": 124,
        "easing": "INOUTQUAD",
        "body": {
          "x": 0.0
        }
      },
      {
        "tick": 125,
        "easing": "INOUTQUAD",
        "body": {
          "x": -0.21193272
        }
      },
      {
        "tick": 134,
        "easing": "INOUTQUAD",
        "body": {
          "x": 0.0
        }
      },
      {
        "tick": 135,
        "easing": "INOUTQUAD",
        "body": {
          "x": -0.29072618
        }
      },
      {
        "tick": 144,
        "easing": "INOUTQUAD",
        "body": {
          "x": 0.0
        }
      },
      {
        "tick": 145,
        "easing": "INOUTQUAD",
        "body": {
          "x": 0.0
        }
      },
      {
        "tick": 154,
        "easing": "INOUTQUAD",
        "body": {
          "x": 0.2166983
        }
      },
      {
        "tick": 155,
        "easing": "INOUTQUAD",
        "body": {
          "x": -0.14110439
        }
      },
      {
        "tick": 164,
        "easing": "INOUTQUAD",
        "body": {
          "x": 0.0
        }
      },
      {
        "tick": 165,
        "easing": "INOUTQUAD",
        "body": {
          "x": -0.04586473
        }
      },
      {
        "tick": 4,
        "easing": "INOUTQUAD",
        "body": {
          "y": 0.0
        }
      },
      {
        "tick": 5,
        "easing": "INOUTQUAD",
        "body": {
          "y": -0.1720419
        }
      },
      {
        "tick": 14,
        "easing": "INOUTQUAD",
        "body": {
          "y": -0.1720419
        }
      },
      {
        "tick": 15,
        "easing": "INOUTQUAD",
        "body": {
          "y": 0.0
        }
      },
      {
        "tick": 24,
        "easing": "INOUTQUAD",
        "body": {
          "y": 0.0
        }
      },
      {
        "tick": 25,
        "easing": "INOUTQUAD",
        "body": {
          "y": -0.1720419
        }
      },
      {
        "tick": 34,
        "easing": "INOUTQUAD",
        "body": {
          "y": -0.1720419
        }
      },
      {
        "tick": 35,
        "easing": "INOUTQUAD",
        "body": {
          "y": 0.0
        }
      },
      {
        "tick": 74,
        "easing": "INOUTQUAD",
        "body": {
          "y": 0.0
        }
      },
      {
        "tick": 75,
        "easing": "INOUTQUAD",
        "body": {
          "y": 0.5178939
        }
      },
      {
        "tick": 84,
        "easing": "INOUTQUAD",
        "body": {
          "y": 0.5178939
        }
      },
      {
        "tick": 85,
        "easing": "INOUTQUAD",
        "body": {
          "y": 0.28458548
        }
      },
      {
        "tick": 94,
        "easing": "INOUTQUAD",
        "body": {
          "y": 0.28458548
        }
      },
      {
        "tick": 95,
        "easing": "INOUTQUAD",
        "body": {
          "y": 0.0
        }
      },
      {
        "tick": 134,
        "easing": "INOUTQUAD",
        "body": {
          "y": 0.0
        }
      },
      {
        "tick": 135,
        "easing": "INOUTQUAD",
        "body": {
          "y": 0.4809237
        }
      },
      {
        "tick": 144,
        "easing": "INOUTQUAD",
        "body": {
          "y": 0.4809237
        }
      },
      {
        "tick": 145,
        "easing": "INOUTQUAD",
        "body": {
          "y": 0.4706339
        }
      },
      {
        "tick": 154,
        "easing": "INOUTQUAD",
        "body": {
          "y": 0.4706339
        }
      },
      {
        "tick": 155,
        "easing": "INOUTQUAD",
        "body": {
          "y": 0.0
        }
      },
      {
        "tick": 164,
        "easing": "INOUTQUAD",
        "body": {
          "y": 0.0
        }
      },
      {
        "tick": 165,
        "easing": "INOUTQUAD",
        "body": {
          "y": -0.1720419
        }
      },
      {
        "tick": 4,
        "easing": "INOUTQUAD",
        "body": {
          "z": -0.0
        }
      },
      {
        "tick": 5,
        "easing": "INOUTQUAD",
        "body": {
          "z": -0.0
        }
      },
      {
        "tick": 54,
        "easing": "INOUTQUAD",
        "body": {
          "z": -0.0
        }
      },
      {
        "tick": 55,
        "easing": "INOUTQUAD",
        "body": {
          "z": 0.011486796
        }
      },
      {
        "tick": 64,
        "easing": "INOUTQUAD",
        "body": {
          "z": 0.011486796
        }
      },
      {
        "tick": 65,
        "easing": "INOUTQUAD",
        "body": {
          "z": -0.0
        }
      },
      {
        "tick": 165,
        "easing": "INOUTQUAD",
        "body": {
          "z": -0.0
        }
      },
      {
        "tick": 4,
        "easing": "INOUTQUAD",
        "body": {
          "pitch": 0.0
        }
      },
      {
        "tick": 5,
        "easing": "INOUTQUAD",
        "body": {
          "pitch": 0.0
        }
      },
      {
        "tick": 124,
        "easing": "INOUTQUAD",
        "body": {
          "pitch": -0.0
        }
      },
      {
        "tick": 125,
        "easing": "INOUTQUAD",
        "body": {
          "pitch": 0.23216064
        }
      },
      {
        "tick": 134,
        "easing": "INOUTQUAD",
        "body": {
          "pitch": 0.23216064
        }
      },
      {
        "tick": 135,
        "easing": "INOUTQUAD",
        "body": {
          "pitch": 0.0
        }
      },
      {
        "tick": 165,
        "easing": "INOUTQUAD",
        "body": {
          "pitch": 0.0
        }
      },
      {
        "tick": 4,
        "easing": "INOUTQUAD",
        "body": {
          "yaw": 0.0
        }
      },
      {
        "tick": 5,
        "easing": "INOUTQUAD",
        "body": {
          "yaw": 0.0
        }
      },
      {
        "tick": 14,
        "easing": "INOUTQUAD",
        "body": {
          "yaw": 0.0
        }
      },
      {
        "tick": 15,
        "easing": "INOUTQUAD",
        "body": {
          "yaw": -1.3986131
        }
      },
      {
        "tick": 24,
        "easing": "INOUTQUAD",
        "body": {
          "yaw": -1.3986131
        }
      },
      {
        "tick": 25,
        "easing": "INOUTQUAD",
        "body": {
          "yaw": 0.0
        }
      },
      {
        "tick": 34,
        "easing": "INOUTQUAD",
        "body": {
          "yaw": 0.0
        }
      },
      {
        "tick": 35,
        "easing": "INOUTQUAD",
        "body": {
          "yaw": -0.07036926
        }
      },
      {
        "tick": 44,
        "easing": "INOUTQUAD",
        "body": {
          "yaw": -0.07036926
        }
      },
      {
        "tick": 45,
        "easing": "INOUTQUAD",
        "body": {
          "yaw": -0.07036925
        }
      },
      {
        "tick": 54,
        "easing": "INOUTQUAD",
        "body": {
          "yaw": -0.07036925
        }
      },
      {
        "tick": 55,
        "easing": "INOUTQUAD",
        "body": {
          "yaw": 0.0
        }
      },
      {
        "tick": 94,
        "easing": "INOUTQUAD",
        "body": {
          "yaw": 0.0
        }
      },
      {
        "tick": 95,
        "easing": "INOUTQUAD",
        "body": {
          "yaw": 1.5803477
        }
      },
      {
        "tick": 104,
        "easing": "INOUTQUAD",
        "body": {
          "yaw": 1.5803477
        }
      },
      {
        "tick": 105,
        "easing": "INOUTQUAD",
        "body": {
          "yaw": 0.0
        }
      },
      {
        "tick": 114,
        "easing": "INOUTQUAD",
        "body": {
          "yaw": 0.0
        }
      },
      {
        "tick": 115,
        "easing": "INOUTQUAD",
        "body": {
          "yaw": -0.11275339
        }
      },
      {
        "tick": 124,
        "easing": "INOUTQUAD",
        "body": {
          "yaw": -0.11275339
        }
      },
      {
        "tick": 125,
        "easing": "INOUTQUAD",
        "body": {
          "yaw": 0.43098667
        }
      },
      {
        "tick": 134,
        "easing": "INOUTQUAD",
        "body": {
          "yaw": 0.43098667
        }
      },
      {
        "tick": 135,
        "easing": "INOUTQUAD",
        "body": {
          "yaw": -1.5896086
        }
      },
      {
        "tick": 144,
        "easing": "INOUTQUAD",
        "body": {
          "yaw": -1.5896086
        }
      },
      {
        "tick": 145,
        "easing": "INOUTQUAD",
        "body": {
          "yaw": 0.0
        }
      },
      {
        "tick": 165,
        "easing": "INOUTQUAD",
        "body": {
          "yaw": 0.0
        }
      },
      {
        "tick": 4,
        "easing": "INOUTQUAD",
        "body": {
          "roll": -0.0
        }
      },
      {
        "tick": 5,
        "easing": "INOUTQUAD",
        "body": {
          "roll": -0.0
        }
      },
      {
        "tick": 14,
        "easing": "INOUTQUAD",
        "body": {
          "roll": 0.0
        }
      },
      {
        "tick": 15,
        "easing": "INOUTQUAD",
        "body": {
          "roll": -0.10164733
        }
      },
      {
        "tick": 24,
        "easing": "INOUTQUAD",
        "body": {
          "roll": -0.10164733
        }
      },
      {
        "tick": 25,
        "easing": "INOUTQUAD",
        "body": {
          "roll": -0.0
        }
      },
      {
        "tick": 44,
        "easing": "INOUTQUAD",
        "body": {
          "roll": -0.0
        }
      },
      {
        "tick": 45,
        "easing": "INOUTQUAD",
        "body": {
          "roll": -0.061503474
        }
      },
      {
        "tick": 54,
        "easing": "INOUTQUAD",
        "body": {
          "roll": -0.061503474
        }
      },
      {
        "tick": 55,
        "easing": "INOUTQUAD",
        "body": {
          "roll": -0.037977725
        }
      },
      {
        "tick": 64,
        "easing": "INOUTQUAD",
        "body": {
          "roll": -0.037977725
        }
      },
      {
        "tick": 65,
        "easing": "INOUTQUAD",
        "body": {
          "roll": -0.010051205
        }
      },
      {
        "tick": 74,
        "easing": "INOUTQUAD",
        "body": {
          "roll": -0.010051205
        }
      },
      {
        "tick": 75,
        "easing": "INOUTQUAD",
        "body": {
          "roll": -3.1445053
        }
      },
      {
        "tick": 84,
        "easing": "INOUTQUAD",
        "body": {
          "roll": -3.1445053
        }
      },
      {
        "tick": 85,
        "easing": "INOUTQUAD",
        "body": {
          "roll": 1.7155838
        }
      },
      {
        "tick": 94,
        "easing": "INOUTQUAD",
        "body": {
          "roll": 1.7155838
        }
      },
      {
        "tick": 95,
        "easing": "INOUTQUAD",
        "body": {
          "roll": -1.6908722
        }
      },
      {
        "tick": 104,
        "easing": "INOUTQUAD",
        "body": {
          "roll": -1.6908722
        }
      },
      {
        "tick": 105,
        "easing": "INOUTQUAD",
        "body": {
          "roll": -0.0
        }
      },
      {
        "tick": 124,
        "easing": "INOUTQUAD",
        "body": {
          "roll": 0.0
        }
      },
      {
        "tick": 125,
        "easing": "INOUTQUAD",
        "body": {
          "roll": 0.030365204
        }
      },
      {
        "tick": 134,
        "easing": "INOUTQUAD",
        "body": {
          "roll": 0.030365204
        }
      },
      {
        "tick": 135,
        "easing": "INOUTQUAD",
        "body": {
          "roll": -3.145151
        }
      },
      {
        "tick": 144,
        "easing": "INOUTQUAD",
        "body": {
          "roll": -3.145151
        }
      },
      {
        "tick": 145,
        "easing": "INOUTQUAD",
        "body": {
          "roll": 2.160377
        }
      },
      {
        "tick": 154,
        "easing": "INOUTQUAD",
        "body": {
          "roll": 2.160377
        }
      },
      {
        "tick": 155,
        "easing": "INOUTQUAD",
        "body": {
          "roll": -0.0
        }
      },
      {
        "tick": 165,
        "easing": "INOUTQUAD",
        "body": {
          "roll": -0.0
        }
      }
    ]
  }
}