{
  "name": "idas:desert_pyramid/hallway",
  "fallback": "idas:desert_pyramid/room",
  "elements": [
    {
      "weight": 1,
      "element": {
        "location": "idas:desert_pyramid/desert_pyramid_hallway1",
        "processors": "idas:desert_pyramid_processor",
        "projection": "rigid",
        "element_type": "integrated_api:integrated_api_single_pool_element"
      }
    },
    {
      "weight": 1,
      "element": {
        "location": "idas:desert_pyramid/desert_pyramid_hallway2",
        "processors": "idas:desert_pyramid_processor",
        "projection": "rigid",
        "element_type": "integrated_api:integrated_api_single_pool_element"
      }
    },
    {
      "weight": 1,
      "element": {
        "location": "idas:desert_pyramid/desert_pyramid_hallway3",
        "processors": "idas:desert_pyramid_processor",
        "projection": "rigid",
        "element_type": "integrated_api:integrated_api_single_pool_element"
      }
    },
    {
      "weight": 1,
      "element": {
        "location": "idas:desert_pyramid/desert_pyramid_hallway4",
        "processors": "idas:desert_pyramid_processor",
        "projection": "rigid",
        "element_type": "integrated_api:integrated_api_single_pool_element"
      }
    },
    {
      "weight": 1,
      "element": {
        "location": "idas:desert_pyramid/desert_pyramid_hallway5",
        "processors": "idas:desert_pyramid_processor",
        "projection": "rigid",
        "element_type": "integrated_api:integrated_api_single_pool_element"
      }
    },
    {
      "weight": 1,
      "element": {
        "location": "idas:desert_pyramid/desert_pyramid_hallway6",
        "processors": "idas:desert_pyramid_processor",
        "projection": "rigid",
        "element_type": "integrated_api:integrated_api_single_pool_element"
      }
    },
    {
      "weight": 1,
      "element": {
        "location": "idas:desert_pyramid/desert_pyramid_staircase1",
        "processors": "idas:desert_pyramid_processor",
        "projection": "rigid",
        "element_type": "integrated_api:integrated_api_single_pool_element"
      }
    },
    {
      "weight": 1,
      "element": {
        "location": "idas:desert_pyramid/desert_pyramid_staircase2",
        "processors": "idas:desert_pyramid_processor",
        "projection": "rigid",
        "element_type": "integrated_api:integrated_api_single_pool_element"
      }
    }
  ]
}
