{
  "type": "integrated_api:optional_dependency_structure",
  "start_pool": "idas:archmages_tower/archmages_tower1",
  "size": 5,
  "required_mods" : "ars_nouveau",
  "terrain_height_radius_check": 3,
  "allowed_terrain_height_range": 15,
  "valid_biome_radius_check": 1,
  "allowed_y_range_from_start": 200,
  "max_distance_from_center": 250,
  "biomes": "#idas:has_structure/archmages_tower_biomes",
  "step": "surface_structures",
  "enhanced_terrain_adaptation": {
    "type": "integrated_api:none"
  },
  "project_start_to_heightmap": "WORLD_SURFACE_WG",
  "start_height": {
    "absolute": 0
  },
  "spawn_overrides": {}
}