{
    "name": "spindash",
    "author": "RubberRoss",
    "description": "spindash",
    "emote":{
        "isLoop": "true",
        "returnTick": 2,
        "beginTick":0,
        "endTick":5,
        "stopTick":6,
        "degrees":false,
        "moves":[
            
            {
                "tick":5,
                "easing": "EASEINOUTQUAD",
                "turn": 0,
                "head":{
                    "y":-0.0
                }
            },
            {
                "tick":5,
                "easing": "EASEINOUTQUAD",
                "turn": 0,
                "head":{
                    "z":-0.0
                }
            },
            {
                "tick":5,
                "easing": "EASEINOUTQUAD",
                "turn": 0,
                "head":{
                    "x":-0.0
                }
            },
            {
                "tick":5,
                "easing": "EASEINOUTQUAD",
                "turn": 0,
                "head":{
                    "yaw":3.466277195846311e-18
                }
            },
            {
                "tick":5,
                "easing": "EASEINOUTQUAD",
                "turn": 0,
                "head":{
                    "roll":8.812689601911351e-18
                }
            },
            {
                "tick":5,
                "easing": "EASEINOUTQUAD",
                "turn": 0,
                "head":{
                    "pitch":1.1863700151443481
                }
            },
            {
                "tick":1,
                "easing": "CONSTANT",
                "turn": 0,
                "torso":{
                    "yaw":0.0
                }
            },
            {
                "tick":2,
                "easing": "CONSTANT",
                "turn": 0,
                "torso":{
                    "yaw":0.0
                }
            },
            {
                "tick":3,
                "easing": "CONSTANT",
                "turn": 0,
                "torso":{
                    "yaw":0.0
                }
            },
            {
                "tick":4,
                "easing": "CONSTANT",
                "turn": 0,
                "torso":{
                    "yaw":0.0
                }
            },
            {
                "tick":5,
                "easing": "CONSTANT",
                "turn": 0,
                "torso":{
                    "yaw":-1.774095817296453e-16
                }
            },
            {
                "tick":1,
                "easing": "CONSTANT",
                "turn": 0,
                "torso":{
                    "roll":-0.0
                }
            },
            {
                "tick":2,
                "easing": "CONSTANT",
                "turn": 0,
                "torso":{
                    "roll":-0.0
                }
            },
            {
                "tick":3,
                "easing": "CONSTANT",
                "turn": 0,
                "torso":{
                    "roll":-0.0
                }
            },
            {
                "tick":4,
                "easing": "CONSTANT",
                "turn": 0,
                "torso":{
                    "roll":-0.0
                }
            },
            {
                "tick":5,
                "easing": "CONSTANT",
                "turn": 0,
                "torso":{
                    "roll":-2.1751211838938375e-16
                }
            },
            {
                "tick":1,
                "easing": "CONSTANT",
                "turn": 0,
                "torso":{
                    "pitch":-3.3347396850585938
                }
            },
            {
                "tick":2,
                "easing": "CONSTANT",
                "turn": 0,
                "torso":{
                    "pitch":-6.062276840209961
                }
            },
            {
                "tick":3,
                "easing": "CONSTANT",
                "turn": 0,
                "torso":{
                    "pitch":-7.79725456237793
                }
            },
            {
                "tick":4,
                "easing": "CONSTANT",
                "turn": 0,
                "torso":{
                    "pitch":-9.631160736083984
                }
            },
            {
                "tick":5,
                "easing": "CONSTANT",
                "turn": 0,
                "torso":{
                    "pitch":-10.999560356140137
                }
            },
            {
                "tick":1,
                "easing": "CONSTANT",
                "turn": 0,
                "torso":{
                    "y":-0.13471102714538574
                }
            },
            {
                "tick":2,
                "easing": "CONSTANT",
                "turn": 0,
                "torso":{
                    "y":-0.6538413166999817
                }
            },
            {
                "tick":3,
                "easing": "CONSTANT",
                "turn": 0,
                "torso":{
                    "y":-0.17742429673671722
                }
            },
            {
                "tick":4,
                "easing": "CONSTANT",
                "turn": 0,
                "torso":{
                    "y":-0.141282320022583
                }
            },
            {
                "tick":5,
                "easing": "CONSTANT",
                "turn": 0,
                "torso":{
                    "y":-0.6144137382507324
                }
            },
            {
                "tick":1,
                "easing": "CONSTANT",
                "turn": 0,
                "torso":{
                    "x":0.0
                }
            },
            {
                "tick":2,
                "easing": "CONSTANT",
                "turn": 0,
                "torso":{
                    "x":0.0
                }
            },
            {
                "tick":3,
                "easing": "CONSTANT",
                "turn": 0,
                "torso":{
                    "x":0.0
                }
            },
            {
                "tick":4,
                "easing": "CONSTANT",
                "turn": 0,
                "torso":{
                    "x":-8.025132595060838e-18
                }
            },
            {
                "tick":5,
                "easing": "CONSTANT",
                "turn": 0,
                "torso":{
                    "x":-8.025132595060838e-18
                }
            },
            {
                "tick":1,
                "easing": "CONSTANT",
                "turn": 0,
                "torso":{
                    "z":-0.28201887011528015
                }
            },
            {
                "tick":2,
                "easing": "CONSTANT",
                "turn": 0,
                "torso":{
                    "z":0.184541255235672
                }
            },
            {
                "tick":3,
                "easing": "CONSTANT",
                "turn": 0,
                "torso":{
                    "z":0.184541255235672
                }
            },
            {
                "tick":4,
                "easing": "CONSTANT",
                "turn": 0,
                "torso":{
                    "z":-0.31487521529197693
                }
            },
            {
                "tick":5,
                "easing": "CONSTANT",
                "turn": 0,
                "torso":{
                    "z":-0.31487521529197693
                }
            },
            {
                "tick":5,
                "easing": "EASEINOUTQUAD",
                "turn": 0,
                "torso":{
                    "bend":1.0718226432800293
                }
            },
            {
                "tick":5,
                "easing": "EASEINOUTQUAD",
                "turn": 0,
                "rightArm":{
                    "yaw":-2.393642317046748e-18
                }
            },
            {
                "tick":5,
                "easing": "EASEINOUTQUAD",
                "turn": 0,
                "rightArm":{
                    "roll":-6.06756169897857e-18
                }
            },
            {
                "tick":5,
                "easing": "EASEINOUTQUAD",
                "turn": 0,
                "rightArm":{
                    "y":2.0
                }
            },
            {
                "tick":5,
                "easing": "EASEINOUTQUAD",
                "turn": 0,
                "rightArm":{
                    "z":-0.0
                }
            },
            {
                "tick":5,
                "easing": "EASEINOUTQUAD",
                "turn": 0,
                "rightArm":{
                    "x":-5.0
                }
            },
            {
                "tick":5,
                "easing": "EASEINOUTQUAD",
                "turn": 0,
                "rightArm":{
                    "pitch":-0.5613529086112976
                }
            },
            {
                "tick":5,
                "easing": "EASEINOUTQUAD",
                "turn": 0,
                "rightArm":{
                    "bend":-1.6189169883728027
                }
            },
            {
                "tick":5,
                "easing": "EASEINOUTQUAD",
                "turn": 0,
                "leftArm":{
                    "roll":-5.634516104694809e-18
                }
            },
            {
                "tick":5,
                "easing": "EASEINOUTQUAD",
                "turn": 0,
                "leftArm":{
                    "yaw":-2.2173668197892477e-18
                }
            },
            {
                "tick":5,
                "easing": "EASEINOUTQUAD",
                "turn": 0,
                "leftArm":{
                    "pitch":-0.571342408657074
                }
            },
            {
                "tick":5,
                "easing": "EASEINOUTQUAD",
                "turn": 0,
                "leftArm":{
                    "y":2.0
                }
            },
            {
                "tick":5,
                "easing": "EASEINOUTQUAD",
                "turn": 0,
                "leftArm":{
                    "z":-0.0
                }
            },
            {
                "tick":5,
                "easing": "EASEINOUTQUAD",
                "turn": 0,
                "leftArm":{
                    "x":5.0
                }
            },
            {
                "tick":5,
                "easing": "EASEINOUTQUAD",
                "turn": 0,
                "leftArm":{
                    "bend":-1.574353814125061
                }
            },
            {
                "tick":5,
                "easing": "EASEINOUTQUAD",
                "turn": 0,
                "rightLeg":{
                    "yaw":-6.592828005394643e-18
                }
            },
            {
                "tick":5,
                "easing": "EASEINOUTQUAD",
                "turn": 0,
                "rightLeg":{
                    "roll":7.851514001930858e-18
                }
            },
            {
                "tick":5,
                "easing": "EASEINOUTQUAD",
                "turn": 0,
                "rightLeg":{
                    "pitch":-2.1821112632751465
                }
            },
            {
                "tick":5,
                "easing": "EASEINOUTQUAD",
                "turn": 0,
                "rightLeg":{
                    "x":-1.9
                }
            },
            {
                "tick":5,
                "easing": "EASEINOUTQUAD",
                "turn": 0,
                "rightLeg":{
                    "y":12.0
                }
            },
            {
                "tick":5,
                "easing": "EASEINOUTQUAD",
                "turn": 0,
                "rightLeg":{
                    "z":0.1
                }
            },
            {
                "tick":5,
                "easing": "EASEINOUTQUAD",
                "turn": 0,
                "rightLeg":{
                    "bend":1.9815442562103271
                }
            },
            {
                "tick":5,
                "easing": "EASEINOUTQUAD",
                "turn": 0,
                "leftLeg":{
                    "yaw":-5.7901187040833844e-18
                }
            },
            {
                "tick":5,
                "easing": "EASEINOUTQUAD",
                "turn": 0,
                "leftLeg":{
                    "roll":6.926177656350451e-18
                }
            },
            {
                "tick":5,
                "easing": "EASEINOUTQUAD",
                "turn": 0,
                "leftLeg":{
                    "pitch":-2.2342689037323
                }
            },
            {
                "tick":5,
                "easing": "EASEINOUTQUAD",
                "turn": 0,
                "leftLeg":{
                    "y":12.0
                }
            },
            {
                "tick":5,
                "easing": "EASEINOUTQUAD",
                "turn": 0,
                "leftLeg":{
                    "z":-0.1
                }
            },
            {
                "tick":5,
                "easing": "EASEINOUTQUAD",
                "turn": 0,
                "leftLeg":{
                    "x":1.9
                }
            },
            {
                "tick":5,
                "easing": "EASEINOUTQUAD",
                "turn": 0,
                "leftLeg":{
                    "bend":2.0389764308929443
                }
            }
        ]
    }
}