{
  "type": "minecraft:archaeology",
  "pools": [
    {
      "rolls": 1,
      "bonus_rolls": 0,
      "entries": [
        {
          "type": "minecraft:item",
          "name": "minecraft:blade_pottery_sherd"
        },
        {
          "type": "minecraft:item",
          "name": "minecraft:miner_pottery_sherd"
        },
        {
          "type": "minecraft:item",
          "name": "minecraft:prize_pottery_sherd"
        },
        {
          "type": "minecraft:item",
          "name": "minecraft:skull_pottery_sherd"
        },
        {
          "type": "minecraft:item",
          "name": "minecraft:danger_pottery_sherd"
        },
        {
          "type": "minecraft:item",
          "name": "minecraft:skull_pottery_sherd"
        },
        {
          "type": "minecraft:item",
          "name": "minecraft:diamond"
        },
        {
          "type": "minecraft:item",
          "name": "minecraft:emerald"
        },
        {
          "type": "minecraft:item",
          "name": "create:rose_quartz"
        },
        {
          "type": "minecraft:item",
          "name": "create:raw_zinc"
        },
        {
          "type": "minecraft:item",
          "name": "create:powdered_obsidian"
        },
        {
          "type": "minecraft:item",
          "name": "minecraft:tnt"
        },
        {
          "type": "minecraft:item",
          "name": "minecraft:chain"
        },
        {
          "type": "minecraft:item",
          "name": "quark:torch_arrow"
        },
        {
          "type": "minecraft:item",
          "name": "supplementaries:goblet"
        },
        {
          "type": "minecraft:item",
          "name": "supplementaries:hourglass"
        },
        {
          "type": "minecraft:item",
          "name": "supplementaries:statue"
        },
        {
          "type": "minecraft:item",
          "name": "supplementaries:rope"
        },
        {
          "type": "minecraft:item",
          "name": "supplementaries:flute"
        },
        {
          "type": "minecraft:item",
          "name": "supplementaries:candle_holder_cyan"
        }
      ]
    }
  ]
}