{
  "type": "integrated_api:generic_structure",
  "start_pool": "idas:ancient_mines/ancient_mines_entrance",
  "size": 20,
  "terrain_height_radius_check": 1,
  "allowed_terrain_height_range": 10,
  "biomes": "#idas:has_structure/ancient_mines_biomes",
  "step": "surface_structures",
  "enhanced_terrain_adaptation": {
    "type": "integrated_api:none"
  },
  "project_start_to_heightmap": "WORLD_SURFACE_WG",
  "land_search_direction": "HIGHEST_LAND",
  "start_height": {
    "absolute": 0
  },
  "spawn_overrides": {
    "monster": {
      "bounding_box": "piece",
      "spawns": [
        {
          "type": "minecraft:silverfish",
          "weight": 1,
          "minCount": 1,
          "maxCount": 1
        },
        {
          "type": "quark:wraith",
          "weight": 1,
          "minCount": 1,
          "maxCount": 1
        }
      ]
    }
  }
}