{
  "type": "integrated_api:generic_structure",
  "start_pool": "idas:bazaar/bazaar5",
  "size": 9,
  "terrain_height_radius_check": 3,
  "allowed_terrain_height_range": 10,
  "valid_biome_radius_check": 1,
  "biomes": "#idas:has_structure/bazaar_biomes",
  "step": "surface_structures",
  "enhanced_terrain_adaptation": {
    "type": "integrated_api:custom",
    "carves": true,
    "beards": true,
    "kernel_size": 35,
    "kernel_distance": 35
  },
  "project_start_to_heightmap": "WORLD_SURFACE_WG",
  "start_height": {
    "absolute": 0
  },
  "spawn_overrides": {}
}