{
  "type": "integrated_api:generic_structure",
  "start_pool": "idas:tree_of_wisdom/tree_of_wisdom1",
  "size": 6,
  "terrain_height_radius_check": 3,
  "allowed_terrain_height_range": 10,
  "valid_biome_radius_check": 1,
  "max_distance_from_center": 128,
  "biomes": "#idas:has_structure/tree_of_wisdom_biomes",
  "step": "surface_structures",
  "enhanced_terrain_adaptation": {
    "type": "integrated_api:none"
  },
  "project_start_to_heightmap": "WORLD_SURFACE_WG",
  "start_height": {
    "absolute": 0
  },
  "spawn_overrides": {}
}