{
  "type": "integrated_api:generic_structure",
  "start_pool": "idas:windswept_shrine/windswept_shrine1",
  "size": 5,
  "rotation_fixed": true,
  "biomes": "#idas:has_structure/windswept_shrine_biomes",
  "terrain_height_radius_check": 3,
  "allowed_terrain_height_range": 20,
  "step": "surface_structures",
  "enhanced_terrain_adaptation": {
    "type": "integrated_api:none"
  },
  "project_start_to_heightmap": "WORLD_SURFACE_WG",
  "start_height": {
    "absolute": 0
  },
  "spawn_overrides": {}
}