	[
				{
					"name": "Head",
					"pivot": [0, 24, 0],
					"rotation": [-6, 5, 0],
					"cubes": [
						{"origin": [-4, 24, -4], "size": [8, 8, 8], "uv": [0, 0]},
						{"origin": [-4, 24, -4], "size": [8, 8, 8], "inflate": 0.5, "uv": [32, 0]}
					]
				},
				{
					"name": "Body",
					"pivot": [0, 12, -4],
					"cubes": [
						{"origin": [-4, 12.58131, -4.69209], "size": [8, 12, 4], "uv": [16, 16]},
						{"origin": [-4, 12.58131, -4.69209], "size": [8, 12, 4], "inflate": 0.25, "uv": [16, 32]}
					]
				},
				{
					"name": "RightArm",
					"pivot": [-5, 22, 0],
					"rotation": [-10, 0, 0],
					"cubes": [
						{"origin": [-7, 12, -2], "size": [3, 12, 4], "uv": [40, 16]},
						{"origin": [-7, 12, -2], "size": [3, 12, 4], "inflate": 0.25, "uv": [40, 32]}
					]
				},
				{
					"name": "LeftArm",
					"pivot": [5, 22, 0],
					"rotation": [12, 0, 0],
					"cubes": [
						{"origin": [4, 12, -2], "size": [3, 12, 4], "uv": [32, 48]},
						{"origin": [4, 12, -2], "size": [3, 12, 4], "inflate": 0.25, "uv": [48, 48]}
					]
				},
				{
					"name": "RightLeg",
					"pivot": [-1.9, 12, 0],
					"rotation": [11, 0, 2],
					"cubes": [
						{"origin": [-3.9, 0, -2], "size": [4, 12, 4], "uv": [0, 16]},
						{"origin": [-3.9, 0, -2], "size": [4, 12, 4], "inflate": 0.25, "uv": [0, 32]}
					]
				},
				{
					"name": "LeftLeg",
					"pivot": [1.9, 12, 0],
					"rotation": [-10, 0, -2],
					"cubes": [
						{"origin": [-0.1, 0, -2], "size": [4, 12, 4], "uv": [16, 48]},
						{"origin": [-0.1, 0, -2], "size": [4, 12, 4], "inflate": 0.25, "uv": [0, 48]}
					]
				}
			]
		}
	]
},
    "degrees": false,
    "moves": [
      {
        "tick": 0,
        "easing": "OUTCUBIC",
        "head": {
          "x": 0.0
        }
      },
      {
        "tick": 15,
        "easing": "INCUBIC",
        "head": {
          "x": 0.5
        }
      },
      {
        "tick": 30,
        "easing": "OUTCUBIC",
        "head": {
          "x": 0.0
        }
      },
      {
        "tick": 45,
        "easing": "INCUBIC",
        "head": {
          "x": -0.5
        }
      },
      {
        "tick": 60,
        "easing": "OUTCUBIC",
        "head": {
          "x": 0.0
        }
      },
      {
        "tick": 0,
        "easing": "OUTCUBIC",
        "head": {
          "y": -3.9235
        }
      },
      {
        "tick": 15,
        "easing": "INCUBIC",
        "head": {
          "y": -3.92
        }
      },
      {
        "tick": 30,
        "easing": "OUTCUBIC",
        "head": {
          "y": -3.9235
        }
      },
      {
        "tick": 45,
        "easing": "INCUBIC",
        "head": {
          "y": -3.92
        }
      },
      {
        "tick": 60,
        "easing": "OUTCUBIC",
        "head": {
          "y": -3.9235
        }
      },
      {
        "tick": 0,
        "easing": "OUTCUBIC",
        "head": {
          "z": -1.77402
        }
      },
      {
        "tick": 15,
        "easing": "INCUBIC",
        "head": {
          "z": -1.77
        }
      },
      {
        "tick": 30,
        "easing": "OUTCUBIC",
        "head": {
          "z": -1.77402
        }
      },
      {
        "tick": 45,
        "easing": "INCUBIC",
        "head": {
          "z": -1.77
        }
      },
      {
        "tick": 60,
        "easing": "OUTCUBIC",
        "head": {
          "z": -1.77402
        }
      },
      {
        "tick": 0,
        "easing": "OUTCUBIC",
        "head": {
          "pitch": -2.0523252
        }
      },
      {
        "tick": 15,
        "easing": "INOUTCUBIC",
        "head": {
          "pitch": -2.013426
        }
      },
      {
        "tick": 30,
        "easing": "INOUTCUBIC",
        "head": {
          "pitch": -2.0523252
        }
      },
      {
        "tick": 45,
        "easing": "INOUTCUBIC",
        "head": {
          "pitch": -2.0091193
        }
      },
      {
        "tick": 60,
        "easing": "INOUTCUBIC",
        "head": {
          "pitch": -2.0523252
        }
      },
      {
        "tick": 0,
        "easing": "OUTCUBIC",
        "head": {
          "yaw": 0.07738528
        }
      },
      {
        "tick": 15,
        "easing": "INOUTCUBIC",
        "head": {
          "yaw": 0.1546435
        }
      },
      {
        "tick": 30,
        "easing": "INOUTCUBIC",
        "head": {
          "yaw": 0.07738528
        }
      },
      {
        "tick": 45,
        "easing": "INOUTCUBIC",
        "head": {
          "yaw": -0.07569703
        }
      },
      {
        "tick": 60,
        "easing": "INOUTCUBIC",
        "head": {
          "yaw": 0.07738528
        }
      },
      {
        "tick": 0,
        "easing": "OUTCUBIC",
        "head": {
          "roll": -0.040375747
        }
      },
      {
        "tick": 15,
        "easing": "INOUTCUBIC",
        "head": {
          "roll": -0.081239484
        }
      },
      {
        "tick": 30,
        "easing": "INOUTCUBIC",
        "head": {
          "roll": -0.040375747
        }
      },
      {
        "tick": 45,
        "easing": "INOUTCUBIC",
        "head": {
          "roll": 0.04379363
        }
      },
      {
        "tick": 60,
        "easing": "INOUTCUBIC",
        "head": {
          "roll": -0.040375747
        }
      },
      {
        "tick": 0,
        "easing": "OUTCUBIC",
        "rightLeg": {
          "x": -2.65
        }
      },
      {
        "tick": 15,
        "easing": "INCUBIC",
        "rightLeg": {
          "x": -6.4
        }
      },
      {
        "tick": 30,
        "easing": "OUTCUBIC",
        "rightLeg": {
          "x": -2.65
        }
      },
      {
        "tick": 45,
        "easing": "INCUBIC",
        "rightLeg": {
          "x": 1.8100001
        }
      },
      {
        "tick": 60,
        "easing": "OUTCUBIC",
        "rightLeg": {
          "x": -2.65
        }
      },
      {
        "tick": 0,
        "easing": "OUTCUBIC",
        "rightLeg": {
          "y": 10.12211
        }
      },
      {
        "tick": 15,
        "easing": "INCUBIC",
        "rightLeg": {
          "y": 9.77369
        }
      },
      {
        "tick": 30,
        "easing": "OUTCUBIC",
        "rightLeg": {
          "y": 10.12211
        }
      },
      {
        "tick": 45,
        "easing": "INCUBIC",
        "rightLeg": {
          "y": 9.89544
        }
      },
      {
        "tick": 60,
        "easing": "OUTCUBIC",
        "rightLeg": {
          "y": 10.12211
        }
      },
      {
        "tick": 0,
        "easing": "OUTCUBIC",
        "rightLeg": {
          "z": 2.1206899
        }
      },
      {
        "tick": 15,
        "easing": "INCUBIC",
        "rightLeg": {
          "z": 1.45474
        }
      },
      {
        "tick": 30,
        "easing": "OUTCUBIC",
        "rightLeg": {
          "z": 2.1206899
        }
      },
      {
        "tick": 45,
        "easing": "INCUBIC",
        "rightLeg": {
          "z": 1.68175
        }
      },
      {
        "tick": 60,
        "easing": "OUTCUBIC",
        "rightLeg": {
          "z": 2.1206899
        }
      },
      {
        "tick": 0,
        "easing": "OUTCUBIC",
        "rightLeg": {
          "pitch": -1.8353312
        }
      },
      {
        "tick": 15,
        "easing": "INCUBIC",
        "rightLeg": {
          "pitch": -1.8516343
        }
      },
      {
        "tick": 30,
        "easing": "OUTCUBIC",
        "rightLeg": {
          "pitch": -1.8353312
        }
      },
      {
        "tick": 45,
        "easing": "INCUBIC",
        "rightLeg": {
          "pitch": -1.6357315
        }
      },
      {
        "tick": 60,
        "easing": "OUTCUBIC",
        "rightLeg": {
          "pitch": -1.8353312
        }
      },
      {
        "tick": 0,
        "easing": "OUTCUBIC",
        "rightLeg": {
          "yaw": -0.0017825048
        }
      },
      {
        "tick": 15,
        "easing": "INCUBIC",
        "rightLeg": {
          "yaw": -0.33820796
        }
      },
      {
        "tick": 30,
        "easing": "OUTCUBIC",
        "rightLeg": {
          "yaw": -0.0017825048
        }
      },
      {
        "tick": 45,
        "easing": "INCUBIC",
        "rightLeg": {
          "yaw": 0.29727128
        }
      },
      {
        "tick": 60,
        "easing": "OUTCUBIC",
        "rightLeg": {
          "yaw": -0.0017825048
        }
      },
      {
        "tick": 0,
        "easing": "OUTCUBIC",
        "rightLeg": {
          "roll": 0.30867127
        }
      },
      {
        "tick": 15,
        "easing": "INCUBIC",
        "rightLeg": {
          "roll": 0.40360862
        }
      },
      {
        "tick": 30,
        "easing": "OUTCUBIC",
        "rightLeg": {
          "roll": 0.30867127
        }
      },
      {
        "tick": 45,
        "easing": "INCUBIC",
        "rightLeg": {
          "roll": 0.16411506
        }
      },
      {
        "tick": 60,
        "easing": "OUTCUBIC",
        "rightLeg": {
          "roll": 0.30867127
        }
      },
      {
        "tick": 0,
        "easing": "OUTCUBIC",
        "torso": {
          "x": 0.0
        }
      },
      {
        "tick": 30,
        "easing": "OUTCUBIC",
        "torso": {
          "x": 0.0
        }
      },
      {
        "tick": 60,
        "easing": "OUTCUBIC",
        "torso": {
          "x": 0.0
        }
      },
      {
        "tick": 0,
        "easing": "OUTCUBIC",
        "torso": {
          "y": 0.0
        }
      },
      {
        "tick": 30,
        "easing": "OUTCUBIC",
        "torso": {
          "y": 0.0
        }
      },
      {
        "tick": 60,
        "easing": "OUTCUBIC",
        "torso": {
          "y": 0.0
        }
      },
      {
        "tick": 0,
        "easing": "OUTCUBIC",
        "torso": {
          "z": -1.0
        }
      },
      {
        "tick": 30,
        "easing": "OUTCUBIC",
        "torso": {
          "z": -1.0
        }
      },
      {
        "tick": 60,
        "easing": "OUTCUBIC",
        "torso": {
          "z": -1.0
        }
      },
      {
        "tick": 0,
        "easing": "OUTCUBIC",
        "torso": {
          "pitch": 0.2617994
        }
      },
      {
        "tick": 15,
        "easing": "INCUBIC",
        "torso": {
          "pitch": 0.25766784
        }
      },
      {
        "tick": 30,
        "easing": "OUTCUBIC",
        "torso": {
          "pitch": 0.2617994
        }
      },
      {
        "tick": 45,
        "easing": "INCUBIC",
        "torso": {
          "pitch": 0.25766784
        }
      },
      {
        "tick": 60,
        "easing": "OUTCUBIC",
        "torso": {
          "pitch": 0.2617994
        }
      },
      {
        "tick": 0,
        "easing": "OUTCUBIC",
        "torso": {
          "yaw": 0.0
        }
      },
      {
        "tick": 15,
        "easing": "INCUBIC",
        "torso": {
          "yaw": -0.35295355
        }
      },
      {
        "tick": 30,
        "easing": "OUTCUBIC",
        "torso": {
          "yaw": 0.0
        }
      },
      {
        "tick": 45,
        "easing": "INCUBIC",
        "torso": {
          "yaw": 0.35295442
        }
      },
      {
        "tick": 60,
        "easing": "OUTCUBIC",
        "torso": {
          "yaw": 0.0
        }
      },
      {
        "tick": 0,
        "easing": "OUTCUBIC",
        "torso": {
          "roll": 0.0
        }
      },
      {
        "tick": 15,
        "easing": "INCUBIC",
        "torso": {
          "roll": 0.3142638
        }
      },
      {
        "tick": 30,
        "easing": "OUTCUBIC",
        "torso": {
          "roll": 0.0
        }
      },
      {
        "tick": 45,
        "easing": "INCUBIC",
        "torso": {
          "roll": -0.314264
        }
      },
      {
        "tick": 60,
        "easing": "OUTCUBIC",
        "torso": {
          "roll": 0.0
        }
      },
      {
        "tick": 0,
        "easing": "OUTCUBIC",
        "rightArm": {
          "x": -7.0
        }
      },
      {
        "tick": 15,
        "easing": "INOUTCUBIC",
        "rightArm": {
          "x": -7.0
        }
      },
      {
        "tick": 30,
        "easing": "INOUTCUBIC",
        "rightArm": {
          "x": -7.0
        }
      },
      {
        "tick": 60,
        "easing": "INOUTCUBIC",
        "rightArm": {
          "x": -7.0
        }
      },
      {
        "tick": 0,
        "easing": "OUTCUBIC",
        "rightArm": {
          "y": -4.0
        }
      },
      {
        "tick": 15,
        "easing": "INOUTCUBIC",
        "rightArm": {
          "y": -4.66526
        }
      },
      {
        "tick": 30,
        "easing": "INOUTCUBIC",
        "rightArm": {
          "y": -4.0
        }
      },
      {
        "tick": 60,
        "easing": "INOUTCUBIC",
        "rightArm": {
          "y": -4.0
        }
      },
      {
        "tick": 0,
        "easing": "OUTCUBIC",
        "rightArm": {
          "z": -2.0
        }
      },
      {
        "tick": 15,
        "easing": "INOUTCUBIC",
        "rightArm": {
          "z": -1.65369
        }
      },
      {
        "tick": 30,
        "easing": "INOUTCUBIC",
        "rightArm": {
          "z": -2.0
        }
      },
      {
        "tick": 60,
        "easing": "INOUTCUBIC",
        "rightArm": {
          "z": -2.0
        }
      },
      {
        "tick": 0,
        "easing": "INOUTCUBIC",
        "rightArm": {
          "pitch": -5.393467
        }
      },
      {
        "tick": 15,
        "easing": "OUTCUBIC",
        "rightArm": {
          "pitch": -5.333563
        }
      },
      {
        "tick": 30,
        "easing": "INOUTCUBIC",
        "rightArm": {
          "pitch": -5.4922633
        }
      },
      {
        "tick": 45,
        "easing": "OUTCUBIC",
        "rightArm": {
          "pitch": -5.41872
        }
      },
      {
        "tick": 60,
        "easing": "INOUTCUBIC",
        "rightArm": {
          "pitch": -5.393467
        }
      },
      {
        "tick": 0,
        "easing": "INOUTCUBIC",
        "rightArm": {
          "yaw": 1.267805
        }
      },
      {
        "tick": 15,
        "easing": "OUTCUBIC",
        "rightArm": {
          "yaw": 1.2911171
        }
      },
      {
        "tick": 30,
        "easing": "INOUTCUBIC",
        "rightArm": {
          "yaw": 1.3003477
        }
      },
      {
        "tick": 45,
        "easing": "OUTCUBIC",
        "rightArm": {
          "yaw": 1.1712276
        }
      },
      {
        "tick": 60,
        "easing": "INOUTCUBIC",
        "rightArm": {
          "yaw": 1.267805
        }
      },
      {
        "tick": 0,
        "easing": "INOUTCUBIC",
        "rightArm": {
          "roll": -1.3466426
        }
      },
      {
        "tick": 15,
        "easing": "OUTCUBIC",
        "rightArm": {
          "roll": -1.2347722
        }
      },
      {
        "tick": 30,
        "easing": "INOUTCUBIC",
        "rightArm": {
          "roll": -1.4496231
        }
      },
      {
        "tick": 45,
        "easing": "OUTCUBIC",
        "rightArm": {
          "roll": -1.4240065
        }
      },
      {
        "tick": 60,
        "easing": "INOUTCUBIC",
        "rightArm": {
          "roll": -1.3466426
        }
      },
      {
        "tick": 0,
        "easing": "OUTCUBIC",
        "leftArm": {
          "x": 5.0
        }
      },
      {
        "tick": 15,
        "easing": "INOUTCUBIC",
        "leftArm": {
          "x": 4.75
        }
      },
      {
        "tick": 30,
        "easing": "INOUTCUBIC",
        "leftArm": {
          "x": 5.0
        }
      },
      {
        "tick": 45,
        "easing": "INOUTCUBIC",
        "leftArm": {
          "x": 5.5
        }
      },
      {
        "tick": 60,
        "easing": "INOUTCUBIC",
        "leftArm": {
          "x": 5.0
        }
      },
      {
        "tick": 0,
        "easing": "OUTCUBIC",
        "leftArm": {
          "y": 0.0
        }
      },
      {
        "tick": 15,
        "easing": "INOUTCUBIC",
        "leftArm": {
          "y": 0.0
        }
      },
      {
        "tick": 30,
        "easing": "INOUTCUBIC",
        "leftArm": {
          "y": 0.0
        }
      },
      {
        "tick": 45,
        "easing": "INOUTCUBIC",
        "leftArm": {
          "y": -0.22175002
        }
      },
      {
        "tick": 60,
        "easing": "INOUTCUBIC",
        "leftArm": {
          "y": 0.0
        }
      },
      {
        "tick": 0,
        "easing": "OUTCUBIC",
        "leftArm": {
          "z": -3.0
        }
      },
      {
        "tick": 15,
        "easing": "INOUTCUBIC",
        "leftArm": {
          "z": -3.0
        }
      },
      {
        "tick": 30,
        "easing": "INOUTCUBIC",
        "leftArm": {
          "z": -3.0
        }
      },
      {
        "tick": 45,
        "easing": "INOUTCUBIC",
        "leftArm": {
          "z": -2.88456
        }
      },
      {
        "tick": 60,
        "easing": "INOUTCUBIC",
        "leftArm": {
          "z": -3.0
        }
      },
      {
        "tick": 0,
        "easing": "OUTCUBIC",
        "leftArm": {
          "pitch": -4.2766557
        }
      },
      {
        "tick": 15,
        "easing": "OUTCUBIC",
        "leftArm": {
          "pitch": -4.8744297
        }
      },
      {
        "tick": 30,
        "easing": "INOUTCUBIC",
        "leftArm": {
          "pitch": -4.2766557
        }
      },
      {
        "tick": 45,
        "easing": "OUTCUBIC",
        "leftArm": {
          "pitch": -4.3008394
        }
      },
      {
        "tick": 60,
        "easing": "INOUTCUBIC",
        "leftArm": {
          "pitch": -4.2766557
        }
      },
      {
        "tick": 0,
        "easing": "OUTCUBIC",
        "leftArm": {
          "yaw": -1.2252299
        }
      },
      {
        "tick": 15,
        "easing": "OUTCUBIC",
        "leftArm": {
          "yaw": -1.2517189
        }
      },
      {
        "tick": 30,
        "easing": "INOUTCUBIC",
        "leftArm": {
          "yaw": -1.2252299
        }
      },
      {
        "tick": 45,
        "easing": "OUTCUBIC",
        "leftArm": {
          "yaw": -1.2412937
        }
      },
      {
        "tick": 60,
        "easing": "INOUTCUBIC",
        "leftArm": {
          "yaw": -1.2252299
        }
      },
      {
        "tick": 0,
        "easing": "OUTCUBIC",
        "leftArm": {
          "roll": 1.4143559
        }
      },
      {
        "tick": 15,
        "easing": "OUTCUBIC",
        "leftArm": {
          "roll": 2.090137
        }
      },
      {
        "tick": 30,
        "easing": "INOUTCUBIC",
        "leftArm": {
          "roll": 1.4143559
        }
      },
      {
        "tick": 45,
        "easing": "OUTCUBIC",
        "leftArm": {
          "roll": 1.3937435
        }
      },
      {
        "tick": 60,
        "easing": "INOUTCUBIC",
        "leftArm": {
          "roll": 1.4143559
        }
      },
      {
        "tick": 0,
        "easing": "OUTCUBIC",
        "leftLeg": {
          "x": 2.65
        }
      },
      {
        "tick": 15,
        "easing": "INCUBIC",
        "leftLeg": {
          "x": -2.1
        }
      },
      {
        "tick": 30,
        "easing": "OUTCUBIC",
        "leftLeg": {
          "x": 2.65
        }
      },
      {
        "tick": 45,
        "easing": "INCUBIC",
        "leftLeg": {
          "x": 5.9
        }
      },
      {
        "tick": 60,
        "easing": "OUTCUBIC",
        "leftLeg": {
          "x": 2.65
        }
      },
      {
        "tick": 0,
        "easing": "OUTCUBIC",
        "leftLeg": {
          "y": 10.00667
        }
      },
      {
        "tick": 15,
        "easing": "INCUBIC",
        "leftLeg": {
          "y": 10.89701
        }
      },
      {
        "tick": 30,
        "easing": "OUTCUBIC",
        "leftLeg": {
          "y": 10.00667
        }
      },
      {
        "tick": 45,
        "easing": "INCUBIC",
        "leftLeg": {
          "y": 8.88299
        }
      },
      {
        "tick": 60,
        "easing": "OUTCUBIC",
        "leftLeg": {
          "y": 10.00667
        }
      },
      {
        "tick": 0,
        "easing": "OUTCUBIC",
        "leftLeg": {
          "z": 1.89894
        }
      },
      {
        "tick": 15,
        "easing": "INCUBIC",
        "leftLeg": {
          "z": 1.4382501
        }
      },
      {
        "tick": 30,
        "easing": "OUTCUBIC",
        "leftLeg": {
          "z": 1.89894
        }
      },
      {
        "tick": 45,
        "easing": "INCUBIC",
        "leftLeg": {
          "z": 1.3593
        }
      },
      {
        "tick": 60,
        "easing": "OUTCUBIC",
        "leftLeg": {
          "z": 1.89894
        }
      },
      {
        "tick": 0,
        "easing": "OUTCUBIC",
        "leftLeg": {
          "pitch": -1.7510312
        }
      },
      {
        "tick": 15,
        "easing": "INCUBIC",
        "leftLeg": {
          "pitch": -1.6723223
        }
      },
      {
        "tick": 30,
        "easing": "OUTCUBIC",
        "leftLeg": {
          "pitch": -1.7510312
        }
      },
      {
        "tick": 45,
        "easing": "INCUBIC",
        "leftLeg": {
          "pitch": -1.6667475
        }
      },
      {
        "tick": 60,
        "easing": "OUTCUBIC",
        "leftLeg": {
          "pitch": -1.7510312
        }
      },
      {
        "tick": 0,
        "easing": "OUTCUBIC",
        "leftLeg": {
          "yaw": 0.11188153
        }
      },
      {
        "tick": 15,
        "easing": "INCUBIC",
        "leftLeg": {
          "yaw": -0.2984461
        }
      },
      {
        "tick": 30,
        "easing": "OUTCUBIC",
        "leftLeg": {
          "yaw": 0.11188153
        }
      },
      {
        "tick": 45,
        "easing": "INCUBIC",
        "leftLeg": {
          "yaw": 0.40334558
        }
      },
      {
        "tick": 60,
        "easing": "OUTCUBIC",
        "leftLeg": {
          "yaw": 0.11188153
        }
      },
      {
        "tick": 0,
        "easing": "OUTCUBIC",
        "leftLeg": {
          "roll": -0.3739436
        }
      },
      {
        "tick": 15,
        "easing": "INCUBIC",
        "leftLeg": {
          "roll": -0.20001054
        }
      },
      {
        "tick": 30,
        "easing": "OUTCUBIC",
        "leftLeg": {
          "roll": -0.3739436
        }
      },
      {
        "tick": 45,
        "easing": "INCUBIC",
        "leftLeg": {
          "roll": -0.40340197
        }
      },
      {
        "tick": 60,
        "easing": "OUTCUBIC",
        "leftLeg": {
          "roll": -0.3739436
        }
      },
      {
        "tick": 0,
        "easing": "OUTCUBIC",
        "body": {
          "x": 0.0
        }
      },
      {
        "tick": 30,
        "easing": "OUTCUBIC",
        "body": {
          "x": 0.0
        }
      },
      {
        "tick": 60,
        "easing": "OUTCUBIC",
        "body": {
          "x": 0.0
        }
      },
      {
        "tick": 0,
        "easing": "OUTCUBIC",
        "body": {
          "y": -0.125
        }
      },
      {
        "tick": 30,
        "easing": "OUTCUBIC",
        "body": {
          "y": -0.125
        }
      },
      {
        "tick": 60,
        "easing": "OUTCUBIC",
        "body": {
          "y": -0.125
        }
      },
      {
        "tick": 0,
        "easing": "OUTCUBIC",
        "body": {
          "z": 0.0
        }
      },
      {
        "tick": 30,
        "easing": "OUTCUBIC",
        "body": {
          "z": 0.0
        }
      },
      {
        "tick": 60,
        "easing": "OUTCUBIC",
        "body": {
          "z": 0.0
        }
      },
      {
        "tick": 0,
        "easing": "OUTCUBIC",
        "body": {
          "pitch": -2.050762
        }
      },
      {
        "tick": 30,
        "easing": "OUTCUBIC",
        "body": {
          "pitch": -2.050762
        }
      },
      {
        "tick": 60,
        "easing": "OUTCUBIC",
        "body": {
          "pitch": -2.050762
        }
      },
      {
        "tick": 0,
        "easing": "OUTCUBIC",
        "body": {
          "yaw": 0.0
        }
      },
      {
        "tick": 30,
        "easing": "OUTCUBIC",
        "body": {
          "yaw": 0.0
        }
      },
      {
        "tick": 60,
        "easing": "OUTCUBIC",
        "body": {
          "yaw": 0.0
        }
      },
      {
        "tick": 0,
        "easing": "OUTCUBIC",
        "body": {
          "roll": 0.0
        }
      },
      {
        "tick": 30,
        "easing": "OUTCUBIC",
        "body": {
          "roll": 0.0
        }
      },
      {
        "tick": 60,
        "easing": "OUTCUBIC",
        "body": {
          "roll": 0.0
        }
      }
    ]
  }
}